--PRODUCTCONTENT
INSERT INTO PRODUCTCONTENT (ID,DESCRIPTION,NAME,VERSION,CREATEDDATE,CREATEDUSERID,UPDATEDDATE,UPDATEDUSERID,CODE)
VALUES ('ISPRD005001000000002208092020','GOVERNMENT SHORT TERM ENDOWMENT  LIFE','GOVERNMENT SHORT TERM ENDOWMENT  LIFE',1,'2020-09-08 10:47:51.403','INUSR001001000000000102062019',NULL,NULL,NULL)

--PRODUCTGROUP
INSERT INTO PRODUCTGROUP (ID,ACCOUNTNAME,DESCRIPTION,FLEETDISCOUNT,GROUPTYPE,MAXSUMINSURED,NAME,POLICYNOPREFIX,PROPOSALNOPREFIX,UNDERSESSION13,UNDERSESSION25,VERSION,CREATEDDATE,CREATEDUSERID,UPDATEDDATE,UPDATEDUSERID)
VALUES ('ISPRD004001000000001108092020','GOVERNMENT_SHORT_TERM_ENDOWMENT_LIFE_PREMIUM','GOVERNMENT SHORT TERM ENDOWMENT LIFE',0,'LIFE',50000000,'GOVERNMENT SHORT TERM ENDOWMENT','GS','GSL',0,0,1,'2020-09-08 10:39:29.390','INUSR001001000000000102062019',NULL,NULL)

--PRODUCT
INSERT INTO PRODUCT (ID, BASEDAMOUNT, FIRSTCOMMISSION, INSURANCETYPE, ISBASEONKEYFACTOR, MAXAGE, MAXTERM, MAXTERMTYPE, MAXIMUMVALUE, MINAGE, MINTERM, MINTERMTYPE, MINIMUMVALUE, PREMIUMRATETYPE, PRODUCTBASETYPE, RENEWALCOMMISSION,STAMPFEE,STANDARDEXCESS,VERSION,CREATEDDATE,CREATEDUSERID,UPDATEDDATE,UPDATEDUSERID,CURRENCYID,PRODUCTCONTENTID,PRODUCTGROUPID,STAMPFEERATETYPE,MAXHOSPDAYS,MULTICURPREFIX,STAMPFEEBASEDAMOUNT,SUMINSUREDPERUNIT,MAXUNIT)
VALUES ('ISPRD003001000000001108092020',1000,15,'LIFE',1,65,10,'YEAR',50000000,10,5,'YEAR',1000000,'BASED_ON_MAINCOVER_SUMINSURED','SI',3,0,0,1,'2019-03-29 11:58:48.473','INUSR0010001000000000129032013',NULL,NULL,'ISSYS0210001000000000129032013','ISPRD005001000000002208092020','ISPRD004001000000001108092020','FIXED',0,NULL,100000.0000,NULL,NULL)

--CUSTOM_ID_GEN
INSERT INTO CUSTOM_ID_GEN (ID, DESCRIPTION, GENERATEITEM, ISDATEBASED, LENGTH, MAXVALUE, PREFIX, SUFFIX, VERSION, BRANCHID)
VALUES ('CUSID4601', NULL, 'GOVERNMENT_SHORT_ENDOWMENT_PROPOSAL_ID_GEN', 1, 10, 0, 'GL/PO', NULL, 1, 'BANCH00000000000000129032013');

INSERT INTO CUSTOM_ID_GEN (ID, DESCRIPTION, GENERATEITEM, ISDATEBASED, LENGTH, MAXVALUE, PREFIX, SUFFIX, VERSION, BRANCHID)
VALUES ('CUSID4602', NULL, 'GOVERNMENT_SHORT_ENDOWMENT_POLICY_ID_GEN', 1, 10, 4, 'GL/PL', NULL, 1, 'BANCH00000000000000129032013');

INSERT INTO CUSTOM_ID_GEN (ID, DESCRIPTION, GENERATEITEM, ISDATEBASED, LENGTH, MAXVALUE, PREFIX, SUFFIX, VERSION, BRANCHID)
VALUES ('CUSID4603', NULL, 'LIFE_PROPOSAL_NO_ID_GEN', 1, 10, 4, 'GL/PO', NULL, 1, 'BANCH00000000000000129032013');

INSERT INTO CUSTOM_ID_GEN (ID, DESCRIPTION, GENERATEITEM, ISDATEBASED, LENGTH, MAXVALUE, PREFIX, SUFFIX, VERSION, BRANCHID)
VALUES ('CUSID4604', NULL, 'LIFE_INVOICE_NO_ID_GEN', 1, 10, 4, 'GL/IV', NULL, 1, 'BANCH00000000000000129032013');

INSERT INTO CUSTOM_ID_GEN (ID, DESCRIPTION, GENERATEITEM, ISDATEBASED, LENGTH, MAXVALUE, PREFIX, SUFFIX, VERSION, BRANCHID)
VALUES ('CUSID4605', NULL, 'LIFE_POLICY_NO_ID_GEN', 1, 10, 4, 'GL/PL', NULL, 1, 'BANCH00000000000000129032013');

INSERT INTO CUSTOM_ID_GEN (ID, DESCRIPTION, GENERATEITEM, ISDATEBASED, LENGTH, MAXVALUE, PREFIX, SUFFIX, VERSION, BRANCHID)
VALUES ('CUSID4606', NULL, 'GOVERNMENT_SHORT_ENDOWMENT_RECEIPT_ID_GEN', 1, 10, 4, 'GL/RT', NULL, 1, 'BANCH00000000000000129032013');


--CUSTOMEIDGEN_PRODUCT_LINK
INSERT INTO CUSTOMEIDGEN_PRODUCT_LINK (CUSTOMEIDGENID ,PRODUCTID) VALUES('CUSID4601','ISPRD003001000000001108092020');
INSERT INTO CUSTOMEIDGEN_PRODUCT_LINK (CUSTOMEIDGENID ,PRODUCTID) VALUES('CUSID4602','ISPRD003001000000001108092020');
INSERT INTO CUSTOMEIDGEN_PRODUCT_LINK (CUSTOMEIDGENID ,PRODUCTID) VALUES('CUSID4603','ISPRD003001000000001108092020');
INSERT INTO CUSTOMEIDGEN_PRODUCT_LINK (CUSTOMEIDGENID ,PRODUCTID) VALUES('CUSID4604','ISPRD003001000000001108092020');
INSERT INTO CUSTOMEIDGEN_PRODUCT_LINK (CUSTOMEIDGENID ,PRODUCTID) VALUES('CUSID4605','ISPRD003001000000001108092020');
INSERT INTO CUSTOMEIDGEN_PRODUCT_LINK (CUSTOMEIDGENID ,PRODUCTID) VALUES('CUSID4606','ISPRD003001000000001108092020');

--PRODUCT_PAYMENTTYPE_LINK
INSERT [dbo].[PRODUCT_PAYMENTTYPE_LINK] ([PRODUCTID], [PAYMENTTYPEID]) VALUES (N'ISPRD003001000000001108092020', N'ISSYS0090001000000000129032013')
INSERT [dbo].[PRODUCT_PAYMENTTYPE_LINK] ([PRODUCTID], [PAYMENTTYPEID]) VALUES (N'ISPRD003001000000001108092020', N'ISSYS0090001000000000229032013')
INSERT [dbo].[PRODUCT_PAYMENTTYPE_LINK] ([PRODUCTID], [PAYMENTTYPEID]) VALUES (N'ISPRD003001000000001108092020', N'ISSYS0090001000000000329032013')
INSERT [dbo].[PRODUCT_PAYMENTTYPE_LINK] ([PRODUCTID], [PAYMENTTYPEID]) VALUES (N'ISPRD003001000000001108092020', N'ISSYS0090001000000000529032013')

--PRODUCT_KEYFACTOR_LINK
INSERT [dbo].[PRODUCT_KEYFACTOR_LINK] ([PRODUCTID], [KEYFACTORID]) VALUES (N'ISPRD003001000000001108092020', N'ISSYS0130001000000000829032013      ')
INSERT [dbo].[PRODUCT_KEYFACTOR_LINK] ([PRODUCTID], [KEYFACTORID]) VALUES (N'ISPRD003001000000001108092020', N'ISSYS013001000000030730062015       ')

--PRODUCT_PREMIUMRATE_LINK
INSERT [dbo].[PRODUCT_PREMIUMRATE_LINK] ([ID], [PREMIUMRATE], [VERSION], [CREATEDDATE], [CREATEDUSERID], [UPDATEDDATE], [UPDATEDUSERID], [ADDONID], [PRODUCTID]) VALUES (N'ISPRD002001000024925727052019', 190.8, 1, CAST(N'2019-04-01 09:56:19.060' AS DateTime), N'INUSR0010001000000000129032013      ', NULL, NULL, NULL, N'ISPRD003001000000001108092020')
INSERT [dbo].[PRODUCT_PREMIUMRATE_LINK] ([ID], [PREMIUMRATE], [VERSION], [CREATEDDATE], [CREATEDUSERID], [UPDATEDDATE], [UPDATEDUSERID], [ADDONID], [PRODUCTID]) VALUES (N'ISPRD002001000024925827052019', 192, 1, CAST(N'2019-04-01 09:58:16.203' AS DateTime), N'INUSR0010001000000000129032013      ', NULL, NULL, NULL,   N'ISPRD003001000000001108092020')
INSERT [dbo].[PRODUCT_PREMIUMRATE_LINK] ([ID], [PREMIUMRATE], [VERSION], [CREATEDDATE], [CREATEDUSERID], [UPDATEDDATE], [UPDATEDUSERID], [ADDONID], [PRODUCTID]) VALUES (N'ISPRD002001000024925927052019', 193.2, 1, CAST(N'2019-04-01 09:58:55.993' AS DateTime), N'INUSR0010001000000000129032013      ', NULL, NULL, NULL, N'ISPRD003001000000001108092020')
INSERT [dbo].[PRODUCT_PREMIUMRATE_LINK] ([ID], [PREMIUMRATE], [VERSION], [CREATEDDATE], [CREATEDUSERID], [UPDATEDDATE], [UPDATEDUSERID], [ADDONID], [PRODUCTID]) VALUES (N'ISPRD002001000024926027052019', 194.4, 1, CAST(N'2019-04-01 09:59:26.483' AS DateTime), N'INUSR0010001000000000129032013      ', NULL, NULL, NULL, N'ISPRD003001000000001108092020')
INSERT [dbo].[PRODUCT_PREMIUMRATE_LINK] ([ID], [PREMIUMRATE], [VERSION], [CREATEDDATE], [CREATEDUSERID], [UPDATEDDATE], [UPDATEDUSERID], [ADDONID], [PRODUCTID]) VALUES (N'ISPRD002001000024926127052019', 195.6, 1, CAST(N'2019-04-01 09:59:57.510' AS DateTime), N'INUSR0010001000000000129032013      ', NULL, NULL, NULL, N'ISPRD003001000000001108092020')
INSERT [dbo].[PRODUCT_PREMIUMRATE_LINK] ([ID], [PREMIUMRATE], [VERSION], [CREATEDDATE], [CREATEDUSERID], [UPDATEDDATE], [UPDATEDUSERID], [ADDONID], [PRODUCTID]) VALUES (N'ISPRD002001000024926227052019', 196.8, 1, CAST(N'2019-04-01 10:00:42.280' AS DateTime), N'INUSR0010001000000000129032013      ', NULL, NULL, NULL, N'ISPRD003001000000001108092020')
INSERT [dbo].[PRODUCT_PREMIUMRATE_LINK] ([ID], [PREMIUMRATE], [VERSION], [CREATEDDATE], [CREATEDUSERID], [UPDATEDDATE], [UPDATEDUSERID], [ADDONID], [PRODUCTID]) VALUES (N'ISPRD002001000024926327052019', 198, 1, CAST(N'2019-04-01 10:01:14.070' AS DateTime), N'INUSR0010001000000000129032013      ', NULL, NULL, NULL,   N'ISPRD003001000000001108092020')
INSERT [dbo].[PRODUCT_PREMIUMRATE_LINK] ([ID], [PREMIUMRATE], [VERSION], [CREATEDDATE], [CREATEDUSERID], [UPDATEDDATE], [UPDATEDUSERID], [ADDONID], [PRODUCTID]) VALUES (N'ISPRD002001000024926427052019', 199.2, 1, CAST(N'2019-04-01 10:01:44.817' AS DateTime), N'INUSR0010001000000000129032013      ', NULL, NULL, NULL, N'ISPRD003001000000001108092020')
INSERT [dbo].[PRODUCT_PREMIUMRATE_LINK] ([ID], [PREMIUMRATE], [VERSION], [CREATEDDATE], [CREATEDUSERID], [UPDATEDDATE], [UPDATEDUSERID], [ADDONID], [PRODUCTID]) VALUES (N'ISPRD002001000024926527052019', 200.4, 1, CAST(N'2019-04-01 10:02:07.010' AS DateTime), N'INUSR0010001000000000129032013      ', NULL, NULL, NULL, N'ISPRD003001000000001108092020')
INSERT [dbo].[PRODUCT_PREMIUMRATE_LINK] ([ID], [PREMIUMRATE], [VERSION], [CREATEDDATE], [CREATEDUSERID], [UPDATEDDATE], [UPDATEDUSERID], [ADDONID], [PRODUCTID]) VALUES (N'ISPRD002001000024926627052019', 201.6, 1, CAST(N'2019-04-01 10:02:37.733' AS DateTime), N'INUSR0010001000000000129032013      ', NULL, NULL, NULL, N'ISPRD003001000000001108092020')
INSERT [dbo].[PRODUCT_PREMIUMRATE_LINK] ([ID], [PREMIUMRATE], [VERSION], [CREATEDDATE], [CREATEDUSERID], [UPDATEDDATE], [UPDATEDUSERID], [ADDONID], [PRODUCTID]) VALUES (N'ISPRD002001000024926727052019', 204, 1, CAST(N'2019-04-01 10:02:59.287' AS DateTime), N'INUSR0010001000000000129032013      ', NULL, NULL, NULL,   N'ISPRD003001000000001108092020')
INSERT [dbo].[PRODUCT_PREMIUMRATE_LINK] ([ID], [PREMIUMRATE], [VERSION], [CREATEDDATE], [CREATEDUSERID], [UPDATEDDATE], [UPDATEDUSERID], [ADDONID], [PRODUCTID]) VALUES (N'ISPRD002001000024926827052019', 205.2, 1, CAST(N'2019-04-01 10:03:29.477' AS DateTime), N'INUSR0010001000000000129032013      ', NULL, NULL, NULL, N'ISPRD003001000000001108092020')
INSERT [dbo].[PRODUCT_PREMIUMRATE_LINK] ([ID], [PREMIUMRATE], [VERSION], [CREATEDDATE], [CREATEDUSERID], [UPDATEDDATE], [UPDATEDUSERID], [ADDONID], [PRODUCTID]) VALUES (N'ISPRD002001000024926927052019', 130.8, 1, CAST(N'2019-04-01 10:04:02.713' AS DateTime), N'INUSR0010001000000000129032013      ', NULL, NULL, NULL, N'ISPRD003001000000001108092020')
INSERT [dbo].[PRODUCT_PREMIUMRATE_LINK] ([ID], [PREMIUMRATE], [VERSION], [CREATEDDATE], [CREATEDUSERID], [UPDATEDDATE], [UPDATEDUSERID], [ADDONID], [PRODUCTID]) VALUES (N'ISPRD002001000024927027052019', 132, 1, CAST(N'2019-04-01 10:04:35.873' AS DateTime), N'INUSR0010001000000000129032013      ', NULL, NULL, NULL,   N'ISPRD003001000000001108092020')
INSERT [dbo].[PRODUCT_PREMIUMRATE_LINK] ([ID], [PREMIUMRATE], [VERSION], [CREATEDDATE], [CREATEDUSERID], [UPDATEDDATE], [UPDATEDUSERID], [ADDONID], [PRODUCTID]) VALUES (N'ISPRD002001000024927127052019', 133.2, 1, CAST(N'2019-04-01 10:05:20.503' AS DateTime), N'INUSR0010001000000000129032013      ', NULL, NULL, NULL, N'ISPRD003001000000001108092020')
INSERT [dbo].[PRODUCT_PREMIUMRATE_LINK] ([ID], [PREMIUMRATE], [VERSION], [CREATEDDATE], [CREATEDUSERID], [UPDATEDDATE], [UPDATEDUSERID], [ADDONID], [PRODUCTID]) VALUES (N'ISPRD002001000024927227052019', 134.4, 1, CAST(N'2019-04-01 10:05:44.310' AS DateTime), N'INUSR0010001000000000129032013      ', NULL, NULL, NULL, N'ISPRD003001000000001108092020')
INSERT [dbo].[PRODUCT_PREMIUMRATE_LINK] ([ID], [PREMIUMRATE], [VERSION], [CREATEDDATE], [CREATEDUSERID], [UPDATEDDATE], [UPDATEDUSERID], [ADDONID], [PRODUCTID]) VALUES (N'ISPRD002001000024927327052019', 135.6, 1, CAST(N'2019-04-01 10:06:15.767' AS DateTime), N'INUSR0010001000000000129032013      ', NULL, NULL, NULL, N'ISPRD003001000000001108092020')
INSERT [dbo].[PRODUCT_PREMIUMRATE_LINK] ([ID], [PREMIUMRATE], [VERSION], [CREATEDDATE], [CREATEDUSERID], [UPDATEDDATE], [UPDATEDUSERID], [ADDONID], [PRODUCTID]) VALUES (N'ISPRD002001000024927427052019', 136.8, 1, CAST(N'2019-04-01 10:06:40.643' AS DateTime), N'INUSR0010001000000000129032013      ', NULL, NULL, NULL, N'ISPRD003001000000001108092020')
INSERT [dbo].[PRODUCT_PREMIUMRATE_LINK] ([ID], [PREMIUMRATE], [VERSION], [CREATEDDATE], [CREATEDUSERID], [UPDATEDDATE], [UPDATEDUSERID], [ADDONID], [PRODUCTID]) VALUES (N'ISPRD002001000024927527052019', 138, 1, CAST(N'2019-04-01 10:07:03.473' AS DateTime), N'INUSR0010001000000000129032013      ', NULL, NULL, NULL,   N'ISPRD003001000000001108092020')
INSERT [dbo].[PRODUCT_PREMIUMRATE_LINK] ([ID], [PREMIUMRATE], [VERSION], [CREATEDDATE], [CREATEDUSERID], [UPDATEDDATE], [UPDATEDUSERID], [ADDONID], [PRODUCTID]) VALUES (N'ISPRD002001000024927627052019', 139.2, 1, CAST(N'2019-04-01 10:07:36.053' AS DateTime), N'INUSR0010001000000000129032013      ', NULL, NULL, NULL, N'ISPRD003001000000001108092020')
INSERT [dbo].[PRODUCT_PREMIUMRATE_LINK] ([ID], [PREMIUMRATE], [VERSION], [CREATEDDATE], [CREATEDUSERID], [UPDATEDDATE], [UPDATEDUSERID], [ADDONID], [PRODUCTID]) VALUES (N'ISPRD002001000024927727052019', 140.4, 1, CAST(N'2019-04-01 10:07:58.943' AS DateTime), N'INUSR0010001000000000129032013      ', NULL, NULL, NULL, N'ISPRD003001000000001108092020')
INSERT [dbo].[PRODUCT_PREMIUMRATE_LINK] ([ID], [PREMIUMRATE], [VERSION], [CREATEDDATE], [CREATEDUSERID], [UPDATEDDATE], [UPDATEDUSERID], [ADDONID], [PRODUCTID]) VALUES (N'ISPRD002001000024927827052019', 141.6, 1, CAST(N'2019-04-01 10:08:25.673' AS DateTime), N'INUSR0010001000000000129032013      ', NULL, NULL, NULL, N'ISPRD003001000000001108092020')
INSERT [dbo].[PRODUCT_PREMIUMRATE_LINK] ([ID], [PREMIUMRATE], [VERSION], [CREATEDDATE], [CREATEDUSERID], [UPDATEDDATE], [UPDATEDUSERID], [ADDONID], [PRODUCTID]) VALUES (N'ISPRD002001000024927927052019', 144, 1, CAST(N'2019-04-01 10:08:50.723' AS DateTime), N'INUSR0010001000000000129032013      ', NULL, NULL, NULL,   N'ISPRD003001000000001108092020')
INSERT [dbo].[PRODUCT_PREMIUMRATE_LINK] ([ID], [PREMIUMRATE], [VERSION], [CREATEDDATE], [CREATEDUSERID], [UPDATEDDATE], [UPDATEDUSERID], [ADDONID], [PRODUCTID]) VALUES (N'ISPRD002001000024928027052019', 86.4, 1, CAST(N'2019-04-01 10:09:20.307' AS DateTime), N'INUSR0010001000000000129032013      ', NULL, NULL, NULL,  N'ISPRD003001000000001108092020')
INSERT [dbo].[PRODUCT_PREMIUMRATE_LINK] ([ID], [PREMIUMRATE], [VERSION], [CREATEDDATE], [CREATEDUSERID], [UPDATEDDATE], [UPDATEDUSERID], [ADDONID], [PRODUCTID]) VALUES (N'ISPRD002001000024928127052019', 87.6, 1, CAST(N'2019-04-01 10:09:49.340' AS DateTime), N'INUSR0010001000000000129032013      ', NULL, NULL, NULL,  N'ISPRD003001000000001108092020')
INSERT [dbo].[PRODUCT_PREMIUMRATE_LINK] ([ID], [PREMIUMRATE], [VERSION], [CREATEDDATE], [CREATEDUSERID], [UPDATEDDATE], [UPDATEDUSERID], [ADDONID], [PRODUCTID]) VALUES (N'ISPRD002001000024928227052019', 88.8, 1, CAST(N'2019-04-01 10:10:12.267' AS DateTime), N'INUSR0010001000000000129032013      ', NULL, NULL, NULL,  N'ISPRD003001000000001108092020')
INSERT [dbo].[PRODUCT_PREMIUMRATE_LINK] ([ID], [PREMIUMRATE], [VERSION], [CREATEDDATE], [CREATEDUSERID], [UPDATEDDATE], [UPDATEDUSERID], [ADDONID], [PRODUCTID]) VALUES (N'ISPRD002001000024928327052019', 90, 1, CAST(N'2019-04-01 10:10:33.197' AS DateTime), N'INUSR0010001000000000129032013      ', NULL, NULL, NULL,    N'ISPRD003001000000001108092020')
INSERT [dbo].[PRODUCT_PREMIUMRATE_LINK] ([ID], [PREMIUMRATE], [VERSION], [CREATEDDATE], [CREATEDUSERID], [UPDATEDDATE], [UPDATEDUSERID], [ADDONID], [PRODUCTID]) VALUES (N'ISPRD002001000024928427052019', 91.2, 1, CAST(N'2019-04-01 10:10:59.913' AS DateTime), N'INUSR0010001000000000129032013      ', NULL, NULL, NULL,  N'ISPRD003001000000001108092020')
INSERT [dbo].[PRODUCT_PREMIUMRATE_LINK] ([ID], [PREMIUMRATE], [VERSION], [CREATEDDATE], [CREATEDUSERID], [UPDATEDDATE], [UPDATEDUSERID], [ADDONID], [PRODUCTID]) VALUES (N'ISPRD002001000024928527052019', 92.4, 1, CAST(N'2019-04-01 10:11:24.880' AS DateTime), N'INUSR0010001000000000129032013      ', NULL, NULL, NULL,  N'ISPRD003001000000001108092020')
INSERT [dbo].[PRODUCT_PREMIUMRATE_LINK] ([ID], [PREMIUMRATE], [VERSION], [CREATEDDATE], [CREATEDUSERID], [UPDATEDDATE], [UPDATEDUSERID], [ADDONID], [PRODUCTID]) VALUES (N'ISPRD002001000024928627052019', 93.6, 1, CAST(N'2019-04-01 10:11:49.453' AS DateTime), N'INUSR0010001000000000129032013      ', NULL, NULL, NULL,  N'ISPRD003001000000001108092020')
INSERT [dbo].[PRODUCT_PREMIUMRATE_LINK] ([ID], [PREMIUMRATE], [VERSION], [CREATEDDATE], [CREATEDUSERID], [UPDATEDDATE], [UPDATEDUSERID], [ADDONID], [PRODUCTID]) VALUES (N'ISPRD002001000024928727052019', 94.8, 1, CAST(N'2019-04-01 10:12:19.487' AS DateTime), N'INUSR0010001000000000129032013      ', NULL, NULL, NULL,  N'ISPRD003001000000001108092020')
INSERT [dbo].[PRODUCT_PREMIUMRATE_LINK] ([ID], [PREMIUMRATE], [VERSION], [CREATEDDATE], [CREATEDUSERID], [UPDATEDDATE], [UPDATEDUSERID], [ADDONID], [PRODUCTID]) VALUES (N'ISPRD002001000024928827052019', 96, 1, CAST(N'2019-04-01 10:12:52.120' AS DateTime), N'INUSR0010001000000000129032013      ', NULL, NULL, NULL,    N'ISPRD003001000000001108092020')
INSERT [dbo].[PRODUCT_PREMIUMRATE_LINK] ([ID], [PREMIUMRATE], [VERSION], [CREATEDDATE], [CREATEDUSERID], [UPDATEDDATE], [UPDATEDUSERID], [ADDONID], [PRODUCTID]) VALUES (N'ISPRD002001000024928927052019', 97.2, 1, CAST(N'2019-04-01 10:13:10.727' AS DateTime), N'INUSR0010001000000000129032013      ', NULL, NULL, NULL,  N'ISPRD003001000000001108092020')
INSERT [dbo].[PRODUCT_PREMIUMRATE_LINK] ([ID], [PREMIUMRATE], [VERSION], [CREATEDDATE], [CREATEDUSERID], [UPDATEDDATE], [UPDATEDUSERID], [ADDONID], [PRODUCTID]) VALUES (N'ISPRD002001000024929027052019', 202.8, 1, CAST(N'2019-04-01 10:13:48.447' AS DateTime), N'INUSR0010001000000000129032013      ', NULL, NULL, NULL, N'ISPRD003001000000001108092020')

--PRODUCT_RATEKEYFACTOR
INSERT [dbo].[PRODUCT_RATEKEYFACTOR] ([ID], [FROMVALUE], [REFERENCENAME], [TOVALUE], [VALUE], [VERSION], [CREATEDDATE], [CREATEDUSERID], [UPDATEDDATE], [UPDATEDUSERID], [KEYFACTORID], [PRODUCTPREMIUMRATEID]) VALUES (N'ISPRD001001000064041627052019', 0, NULL, 0, N'5', 1, CAST(N'2019-04-01 09:56:19.060' AS DateTime), N'INUSR0010001000000000129032013      ', NULL, NULL, N'ISSYS0130001000000000829032013      ', N'ISPRD002001000024925727052019')
INSERT [dbo].[PRODUCT_RATEKEYFACTOR] ([ID], [FROMVALUE], [REFERENCENAME], [TOVALUE], [VALUE], [VERSION], [CREATEDDATE], [CREATEDUSERID], [UPDATEDDATE], [UPDATEDUSERID], [KEYFACTORID], [PRODUCTPREMIUMRATEID]) VALUES (N'ISPRD001001000064041727052019', 10, NULL, 27, NULL, 1, CAST(N'2019-04-01 09:56:19.057' AS DateTime), N'INUSR0010001000000000129032013      ', NULL, NULL, N'ISSYS013001000000030730062015       ', N'ISPRD002001000024925727052019')
INSERT [dbo].[PRODUCT_RATEKEYFACTOR] ([ID], [FROMVALUE], [REFERENCENAME], [TOVALUE], [VALUE], [VERSION], [CREATEDDATE], [CREATEDUSERID], [UPDATEDDATE], [UPDATEDUSERID], [KEYFACTORID], [PRODUCTPREMIUMRATEID]) VALUES (N'ISPRD001001000064041827052019', 0, NULL, 0, N'5', 1, CAST(N'2019-04-01 09:58:16.203' AS DateTime), N'INUSR0010001000000000129032013      ', NULL, NULL, N'ISSYS0130001000000000829032013      ', N'ISPRD002001000024925827052019')
INSERT [dbo].[PRODUCT_RATEKEYFACTOR] ([ID], [FROMVALUE], [REFERENCENAME], [TOVALUE], [VALUE], [VERSION], [CREATEDDATE], [CREATEDUSERID], [UPDATEDDATE], [UPDATEDUSERID], [KEYFACTORID], [PRODUCTPREMIUMRATEID]) VALUES (N'ISPRD001001000064041927052019', 28, NULL, 39, NULL, 1, CAST(N'2019-04-01 09:58:16.203' AS DateTime), N'INUSR0010001000000000129032013      ', NULL, NULL, N'ISSYS013001000000030730062015       ', N'ISPRD002001000024925827052019')
INSERT [dbo].[PRODUCT_RATEKEYFACTOR] ([ID], [FROMVALUE], [REFERENCENAME], [TOVALUE], [VALUE], [VERSION], [CREATEDDATE], [CREATEDUSERID], [UPDATEDDATE], [UPDATEDUSERID], [KEYFACTORID], [PRODUCTPREMIUMRATEID]) VALUES (N'ISPRD001001000064042027052019', 0, NULL, 0, N'5', 1, CAST(N'2019-04-01 09:58:55.993' AS DateTime), N'INUSR0010001000000000129032013      ', NULL, NULL, N'ISSYS0130001000000000829032013      ', N'ISPRD002001000024925927052019')
INSERT [dbo].[PRODUCT_RATEKEYFACTOR] ([ID], [FROMVALUE], [REFERENCENAME], [TOVALUE], [VALUE], [VERSION], [CREATEDDATE], [CREATEDUSERID], [UPDATEDDATE], [UPDATEDUSERID], [KEYFACTORID], [PRODUCTPREMIUMRATEID]) VALUES (N'ISPRD001001000064042127052019', 40, NULL, 44, NULL, 1, CAST(N'2019-04-01 09:58:55.993' AS DateTime), N'INUSR0010001000000000129032013      ', NULL, NULL, N'ISSYS013001000000030730062015       ', N'ISPRD002001000024925927052019')
INSERT [dbo].[PRODUCT_RATEKEYFACTOR] ([ID], [FROMVALUE], [REFERENCENAME], [TOVALUE], [VALUE], [VERSION], [CREATEDDATE], [CREATEDUSERID], [UPDATEDDATE], [UPDATEDUSERID], [KEYFACTORID], [PRODUCTPREMIUMRATEID]) VALUES (N'ISPRD001001000064042227052019', 0, NULL, 0, N'5', 1, CAST(N'2019-04-01 09:59:26.483' AS DateTime), N'INUSR0010001000000000129032013      ', NULL, NULL, N'ISSYS0130001000000000829032013      ', N'ISPRD002001000024926027052019')
INSERT [dbo].[PRODUCT_RATEKEYFACTOR] ([ID], [FROMVALUE], [REFERENCENAME], [TOVALUE], [VALUE], [VERSION], [CREATEDDATE], [CREATEDUSERID], [UPDATEDDATE], [UPDATEDUSERID], [KEYFACTORID], [PRODUCTPREMIUMRATEID]) VALUES (N'ISPRD001001000064042327052019', 45, NULL, 47, NULL, 1, CAST(N'2019-04-01 09:59:26.483' AS DateTime), N'INUSR0010001000000000129032013      ', NULL, NULL, N'ISSYS013001000000030730062015       ', N'ISPRD002001000024926027052019')
INSERT [dbo].[PRODUCT_RATEKEYFACTOR] ([ID], [FROMVALUE], [REFERENCENAME], [TOVALUE], [VALUE], [VERSION], [CREATEDDATE], [CREATEDUSERID], [UPDATEDDATE], [UPDATEDUSERID], [KEYFACTORID], [PRODUCTPREMIUMRATEID]) VALUES (N'ISPRD001001000064042427052019', 0, NULL, 0, N'5', 1, CAST(N'2019-04-01 09:59:57.510' AS DateTime), N'INUSR0010001000000000129032013      ', NULL, NULL, N'ISSYS0130001000000000829032013      ', N'ISPRD002001000024926127052019')
INSERT [dbo].[PRODUCT_RATEKEYFACTOR] ([ID], [FROMVALUE], [REFERENCENAME], [TOVALUE], [VALUE], [VERSION], [CREATEDDATE], [CREATEDUSERID], [UPDATEDDATE], [UPDATEDUSERID], [KEYFACTORID], [PRODUCTPREMIUMRATEID]) VALUES (N'ISPRD001001000064042527052019', 48, NULL, 50, NULL, 1, CAST(N'2019-04-01 09:59:57.510' AS DateTime), N'INUSR0010001000000000129032013      ', NULL, NULL, N'ISSYS013001000000030730062015       ', N'ISPRD002001000024926127052019')
INSERT [dbo].[PRODUCT_RATEKEYFACTOR] ([ID], [FROMVALUE], [REFERENCENAME], [TOVALUE], [VALUE], [VERSION], [CREATEDDATE], [CREATEDUSERID], [UPDATEDDATE], [UPDATEDUSERID], [KEYFACTORID], [PRODUCTPREMIUMRATEID]) VALUES (N'ISPRD001001000064042627052019', 0, NULL, 0, N'5', 1, CAST(N'2019-04-01 10:00:42.280' AS DateTime), N'INUSR0010001000000000129032013      ', NULL, NULL, N'ISSYS0130001000000000829032013      ', N'ISPRD002001000024926227052019')
INSERT [dbo].[PRODUCT_RATEKEYFACTOR] ([ID], [FROMVALUE], [REFERENCENAME], [TOVALUE], [VALUE], [VERSION], [CREATEDDATE], [CREATEDUSERID], [UPDATEDDATE], [UPDATEDUSERID], [KEYFACTORID], [PRODUCTPREMIUMRATEID]) VALUES (N'ISPRD001001000064042727052019', 51, NULL, 52, NULL, 1, CAST(N'2019-04-01 10:00:42.280' AS DateTime), N'INUSR0010001000000000129032013      ', NULL, NULL, N'ISSYS013001000000030730062015       ', N'ISPRD002001000024926227052019')
INSERT [dbo].[PRODUCT_RATEKEYFACTOR] ([ID], [FROMVALUE], [REFERENCENAME], [TOVALUE], [VALUE], [VERSION], [CREATEDDATE], [CREATEDUSERID], [UPDATEDDATE], [UPDATEDUSERID], [KEYFACTORID], [PRODUCTPREMIUMRATEID]) VALUES (N'ISPRD001001000064042827052019', 0, NULL, 0, N'5', 1, CAST(N'2019-04-01 10:01:14.070' AS DateTime), N'INUSR0010001000000000129032013      ', NULL, NULL, N'ISSYS0130001000000000829032013      ', N'ISPRD002001000024926327052019')
INSERT [dbo].[PRODUCT_RATEKEYFACTOR] ([ID], [FROMVALUE], [REFERENCENAME], [TOVALUE], [VALUE], [VERSION], [CREATEDDATE], [CREATEDUSERID], [UPDATEDDATE], [UPDATEDUSERID], [KEYFACTORID], [PRODUCTPREMIUMRATEID]) VALUES (N'ISPRD001001000064042927052019', 53, NULL, 54, NULL, 1, CAST(N'2019-04-01 10:01:14.070' AS DateTime), N'INUSR0010001000000000129032013      ', NULL, NULL, N'ISSYS013001000000030730062015       ', N'ISPRD002001000024926327052019')
INSERT [dbo].[PRODUCT_RATEKEYFACTOR] ([ID], [FROMVALUE], [REFERENCENAME], [TOVALUE], [VALUE], [VERSION], [CREATEDDATE], [CREATEDUSERID], [UPDATEDDATE], [UPDATEDUSERID], [KEYFACTORID], [PRODUCTPREMIUMRATEID]) VALUES (N'ISPRD001001000064043027052019', 0, NULL, 0, N'5', 1, CAST(N'2019-04-01 10:01:44.817' AS DateTime), N'INUSR0010001000000000129032013      ', NULL, NULL, N'ISSYS0130001000000000829032013      ', N'ISPRD002001000024926427052019')
INSERT [dbo].[PRODUCT_RATEKEYFACTOR] ([ID], [FROMVALUE], [REFERENCENAME], [TOVALUE], [VALUE], [VERSION], [CREATEDDATE], [CREATEDUSERID], [UPDATEDDATE], [UPDATEDUSERID], [KEYFACTORID], [PRODUCTPREMIUMRATEID]) VALUES (N'ISPRD001001000064043127052019', 55, NULL, 55, NULL, 1, CAST(N'2019-04-01 10:01:44.817' AS DateTime), N'INUSR0010001000000000129032013      ', NULL, NULL, N'ISSYS013001000000030730062015       ', N'ISPRD002001000024926427052019')
INSERT [dbo].[PRODUCT_RATEKEYFACTOR] ([ID], [FROMVALUE], [REFERENCENAME], [TOVALUE], [VALUE], [VERSION], [CREATEDDATE], [CREATEDUSERID], [UPDATEDDATE], [UPDATEDUSERID], [KEYFACTORID], [PRODUCTPREMIUMRATEID]) VALUES (N'ISPRD001001000064043227052019', 0, NULL, 0, N'5', 1, CAST(N'2019-04-01 10:02:07.010' AS DateTime), N'INUSR0010001000000000129032013      ', NULL, NULL, N'ISSYS0130001000000000829032013      ', N'ISPRD002001000024926527052019')
INSERT [dbo].[PRODUCT_RATEKEYFACTOR] ([ID], [FROMVALUE], [REFERENCENAME], [TOVALUE], [VALUE], [VERSION], [CREATEDDATE], [CREATEDUSERID], [UPDATEDDATE], [UPDATEDUSERID], [KEYFACTORID], [PRODUCTPREMIUMRATEID]) VALUES (N'ISPRD001001000064043327052019', 56, NULL, 56, NULL, 1, CAST(N'2019-04-01 10:02:07.010' AS DateTime), N'INUSR0010001000000000129032013      ', NULL, NULL, N'ISSYS013001000000030730062015       ', N'ISPRD002001000024926527052019')
INSERT [dbo].[PRODUCT_RATEKEYFACTOR] ([ID], [FROMVALUE], [REFERENCENAME], [TOVALUE], [VALUE], [VERSION], [CREATEDDATE], [CREATEDUSERID], [UPDATEDDATE], [UPDATEDUSERID], [KEYFACTORID], [PRODUCTPREMIUMRATEID]) VALUES (N'ISPRD001001000064043427052019', 0, NULL, 0, N'5', 1, CAST(N'2019-04-01 10:02:37.733' AS DateTime), N'INUSR0010001000000000129032013      ', NULL, NULL, N'ISSYS0130001000000000829032013      ', N'ISPRD002001000024926627052019')
INSERT [dbo].[PRODUCT_RATEKEYFACTOR] ([ID], [FROMVALUE], [REFERENCENAME], [TOVALUE], [VALUE], [VERSION], [CREATEDDATE], [CREATEDUSERID], [UPDATEDDATE], [UPDATEDUSERID], [KEYFACTORID], [PRODUCTPREMIUMRATEID]) VALUES (N'ISPRD001001000064043527052019', 57, NULL, 57, NULL, 1, CAST(N'2019-04-01 10:02:37.730' AS DateTime), N'INUSR0010001000000000129032013      ', NULL, NULL, N'ISSYS013001000000030730062015       ', N'ISPRD002001000024926627052019')
INSERT [dbo].[PRODUCT_RATEKEYFACTOR] ([ID], [FROMVALUE], [REFERENCENAME], [TOVALUE], [VALUE], [VERSION], [CREATEDDATE], [CREATEDUSERID], [UPDATEDDATE], [UPDATEDUSERID], [KEYFACTORID], [PRODUCTPREMIUMRATEID]) VALUES (N'ISPRD001001000064043627052019', 0, NULL, 0, N'5', 1, CAST(N'2019-04-01 10:02:59.290' AS DateTime), N'INUSR0010001000000000129032013      ', NULL, NULL, N'ISSYS0130001000000000829032013      ', N'ISPRD002001000024926727052019')
INSERT [dbo].[PRODUCT_RATEKEYFACTOR] ([ID], [FROMVALUE], [REFERENCENAME], [TOVALUE], [VALUE], [VERSION], [CREATEDDATE], [CREATEDUSERID], [UPDATEDDATE], [UPDATEDUSERID], [KEYFACTORID], [PRODUCTPREMIUMRATEID]) VALUES (N'ISPRD001001000064043727052019', 59, NULL, 59, NULL, 1, CAST(N'2019-04-01 10:02:59.290' AS DateTime), N'INUSR0010001000000000129032013      ', NULL, NULL, N'ISSYS013001000000030730062015       ', N'ISPRD002001000024926727052019')
INSERT [dbo].[PRODUCT_RATEKEYFACTOR] ([ID], [FROMVALUE], [REFERENCENAME], [TOVALUE], [VALUE], [VERSION], [CREATEDDATE], [CREATEDUSERID], [UPDATEDDATE], [UPDATEDUSERID], [KEYFACTORID], [PRODUCTPREMIUMRATEID]) VALUES (N'ISPRD001001000064043827052019', 0, NULL, 0, N'5', 1, CAST(N'2019-04-01 10:03:29.477' AS DateTime), N'INUSR0010001000000000129032013      ', NULL, NULL, N'ISSYS0130001000000000829032013      ', N'ISPRD002001000024926827052019')
INSERT [dbo].[PRODUCT_RATEKEYFACTOR] ([ID], [FROMVALUE], [REFERENCENAME], [TOVALUE], [VALUE], [VERSION], [CREATEDDATE], [CREATEDUSERID], [UPDATEDDATE], [UPDATEDUSERID], [KEYFACTORID], [PRODUCTPREMIUMRATEID]) VALUES (N'ISPRD001001000064043927052019', 60, NULL, 60, NULL, 1, CAST(N'2019-04-01 10:03:29.477' AS DateTime), N'INUSR0010001000000000129032013      ', NULL, NULL, N'ISSYS013001000000030730062015       ', N'ISPRD002001000024926827052019')
INSERT [dbo].[PRODUCT_RATEKEYFACTOR] ([ID], [FROMVALUE], [REFERENCENAME], [TOVALUE], [VALUE], [VERSION], [CREATEDDATE], [CREATEDUSERID], [UPDATEDDATE], [UPDATEDUSERID], [KEYFACTORID], [PRODUCTPREMIUMRATEID]) VALUES (N'ISPRD001001000064044027052019', 0, NULL, 0, N'7', 1, CAST(N'2019-04-01 10:04:02.713' AS DateTime), N'INUSR0010001000000000129032013      ', NULL, NULL, N'ISSYS0130001000000000829032013      ', N'ISPRD002001000024926927052019')
INSERT [dbo].[PRODUCT_RATEKEYFACTOR] ([ID], [FROMVALUE], [REFERENCENAME], [TOVALUE], [VALUE], [VERSION], [CREATEDDATE], [CREATEDUSERID], [UPDATEDDATE], [UPDATEDUSERID], [KEYFACTORID], [PRODUCTPREMIUMRATEID]) VALUES (N'ISPRD001001000064044127052019', 10, NULL, 32, NULL, 1, CAST(N'2019-04-01 10:04:02.713' AS DateTime), N'INUSR0010001000000000129032013      ', NULL, NULL, N'ISSYS013001000000030730062015       ', N'ISPRD002001000024926927052019')
INSERT [dbo].[PRODUCT_RATEKEYFACTOR] ([ID], [FROMVALUE], [REFERENCENAME], [TOVALUE], [VALUE], [VERSION], [CREATEDDATE], [CREATEDUSERID], [UPDATEDDATE], [UPDATEDUSERID], [KEYFACTORID], [PRODUCTPREMIUMRATEID]) VALUES (N'ISPRD001001000064044227052019', 0, NULL, 0, N'7', 1, CAST(N'2019-04-01 10:04:35.873' AS DateTime), N'INUSR0010001000000000129032013      ', NULL, NULL, N'ISSYS0130001000000000829032013      ', N'ISPRD002001000024927027052019')
INSERT [dbo].[PRODUCT_RATEKEYFACTOR] ([ID], [FROMVALUE], [REFERENCENAME], [TOVALUE], [VALUE], [VERSION], [CREATEDDATE], [CREATEDUSERID], [UPDATEDDATE], [UPDATEDUSERID], [KEYFACTORID], [PRODUCTPREMIUMRATEID]) VALUES (N'ISPRD001001000064044327052019', 33, NULL, 40, NULL, 1, CAST(N'2019-04-01 10:04:35.873' AS DateTime), N'INUSR0010001000000000129032013      ', NULL, NULL, N'ISSYS013001000000030730062015       ', N'ISPRD002001000024927027052019')
INSERT [dbo].[PRODUCT_RATEKEYFACTOR] ([ID], [FROMVALUE], [REFERENCENAME], [TOVALUE], [VALUE], [VERSION], [CREATEDDATE], [CREATEDUSERID], [UPDATEDDATE], [UPDATEDUSERID], [KEYFACTORID], [PRODUCTPREMIUMRATEID]) VALUES (N'ISPRD001001000064044427052019', 0, NULL, 0, N'7', 1, CAST(N'2019-04-01 10:05:20.503' AS DateTime), N'INUSR0010001000000000129032013      ', NULL, NULL, N'ISSYS0130001000000000829032013      ', N'ISPRD002001000024927127052019')
INSERT [dbo].[PRODUCT_RATEKEYFACTOR] ([ID], [FROMVALUE], [REFERENCENAME], [TOVALUE], [VALUE], [VERSION], [CREATEDDATE], [CREATEDUSERID], [UPDATEDDATE], [UPDATEDUSERID], [KEYFACTORID], [PRODUCTPREMIUMRATEID]) VALUES (N'ISPRD001001000064044527052019', 41, NULL, 44, NULL, 1, CAST(N'2019-04-01 10:05:20.503' AS DateTime), N'INUSR0010001000000000129032013      ', NULL, NULL, N'ISSYS013001000000030730062015       ', N'ISPRD002001000024927127052019')
INSERT [dbo].[PRODUCT_RATEKEYFACTOR] ([ID], [FROMVALUE], [REFERENCENAME], [TOVALUE], [VALUE], [VERSION], [CREATEDDATE], [CREATEDUSERID], [UPDATEDDATE], [UPDATEDUSERID], [KEYFACTORID], [PRODUCTPREMIUMRATEID]) VALUES (N'ISPRD001001000064044627052019', 0, NULL, 0, N'7', 1, CAST(N'2019-04-01 10:05:44.310' AS DateTime), N'INUSR0010001000000000129032013      ', NULL, NULL, N'ISSYS0130001000000000829032013      ', N'ISPRD002001000024927227052019')
INSERT [dbo].[PRODUCT_RATEKEYFACTOR] ([ID], [FROMVALUE], [REFERENCENAME], [TOVALUE], [VALUE], [VERSION], [CREATEDDATE], [CREATEDUSERID], [UPDATEDDATE], [UPDATEDUSERID], [KEYFACTORID], [PRODUCTPREMIUMRATEID]) VALUES (N'ISPRD001001000064044727052019', 45, NULL, 47, NULL, 1, CAST(N'2019-04-01 10:05:44.310' AS DateTime), N'INUSR0010001000000000129032013      ', NULL, NULL, N'ISSYS013001000000030730062015       ', N'ISPRD002001000024927227052019')
INSERT [dbo].[PRODUCT_RATEKEYFACTOR] ([ID], [FROMVALUE], [REFERENCENAME], [TOVALUE], [VALUE], [VERSION], [CREATEDDATE], [CREATEDUSERID], [UPDATEDDATE], [UPDATEDUSERID], [KEYFACTORID], [PRODUCTPREMIUMRATEID]) VALUES (N'ISPRD001001000064044827052019', 0, NULL, 0, N'7', 1, CAST(N'2019-04-01 10:06:15.767' AS DateTime), N'INUSR0010001000000000129032013      ', NULL, NULL, N'ISSYS0130001000000000829032013      ', N'ISPRD002001000024927327052019')
INSERT [dbo].[PRODUCT_RATEKEYFACTOR] ([ID], [FROMVALUE], [REFERENCENAME], [TOVALUE], [VALUE], [VERSION], [CREATEDDATE], [CREATEDUSERID], [UPDATEDDATE], [UPDATEDUSERID], [KEYFACTORID], [PRODUCTPREMIUMRATEID]) VALUES (N'ISPRD001001000064044927052019', 48, NULL, 49, NULL, 1, CAST(N'2019-04-01 10:06:15.767' AS DateTime), N'INUSR0010001000000000129032013      ', NULL, NULL, N'ISSYS013001000000030730062015       ', N'ISPRD002001000024927327052019')
INSERT [dbo].[PRODUCT_RATEKEYFACTOR] ([ID], [FROMVALUE], [REFERENCENAME], [TOVALUE], [VALUE], [VERSION], [CREATEDDATE], [CREATEDUSERID], [UPDATEDDATE], [UPDATEDUSERID], [KEYFACTORID], [PRODUCTPREMIUMRATEID]) VALUES (N'ISPRD001001000064045027052019', 0, NULL, 0, N'7', 1, CAST(N'2019-04-01 10:06:40.643' AS DateTime), N'INUSR0010001000000000129032013      ', NULL, NULL, N'ISSYS0130001000000000829032013      ', N'ISPRD002001000024927427052019')
INSERT [dbo].[PRODUCT_RATEKEYFACTOR] ([ID], [FROMVALUE], [REFERENCENAME], [TOVALUE], [VALUE], [VERSION], [CREATEDDATE], [CREATEDUSERID], [UPDATEDDATE], [UPDATEDUSERID], [KEYFACTORID], [PRODUCTPREMIUMRATEID]) VALUES (N'ISPRD001001000064045127052019', 50, NULL, 51, NULL, 1, CAST(N'2019-04-01 10:06:40.643' AS DateTime), N'INUSR0010001000000000129032013      ', NULL, NULL, N'ISSYS013001000000030730062015       ', N'ISPRD002001000024927427052019')
INSERT [dbo].[PRODUCT_RATEKEYFACTOR] ([ID], [FROMVALUE], [REFERENCENAME], [TOVALUE], [VALUE], [VERSION], [CREATEDDATE], [CREATEDUSERID], [UPDATEDDATE], [UPDATEDUSERID], [KEYFACTORID], [PRODUCTPREMIUMRATEID]) VALUES (N'ISPRD001001000064045227052019', 0, NULL, 0, N'7', 1, CAST(N'2019-04-01 10:07:03.473' AS DateTime), N'INUSR0010001000000000129032013      ', NULL, NULL, N'ISSYS0130001000000000829032013      ', N'ISPRD002001000024927527052019')
INSERT [dbo].[PRODUCT_RATEKEYFACTOR] ([ID], [FROMVALUE], [REFERENCENAME], [TOVALUE], [VALUE], [VERSION], [CREATEDDATE], [CREATEDUSERID], [UPDATEDDATE], [UPDATEDUSERID], [KEYFACTORID], [PRODUCTPREMIUMRATEID]) VALUES (N'ISPRD001001000064045327052019', 52, NULL, 53, NULL, 1, CAST(N'2019-04-01 10:07:03.473' AS DateTime), N'INUSR0010001000000000129032013      ', NULL, NULL, N'ISSYS013001000000030730062015       ', N'ISPRD002001000024927527052019')
INSERT [dbo].[PRODUCT_RATEKEYFACTOR] ([ID], [FROMVALUE], [REFERENCENAME], [TOVALUE], [VALUE], [VERSION], [CREATEDDATE], [CREATEDUSERID], [UPDATEDDATE], [UPDATEDUSERID], [KEYFACTORID], [PRODUCTPREMIUMRATEID]) VALUES (N'ISPRD001001000064045427052019', 0, NULL, 0, N'7', 1, CAST(N'2019-04-01 10:07:36.053' AS DateTime), N'INUSR0010001000000000129032013      ', NULL, NULL, N'ISSYS0130001000000000829032013      ', N'ISPRD002001000024927627052019')
INSERT [dbo].[PRODUCT_RATEKEYFACTOR] ([ID], [FROMVALUE], [REFERENCENAME], [TOVALUE], [VALUE], [VERSION], [CREATEDDATE], [CREATEDUSERID], [UPDATEDDATE], [UPDATEDUSERID], [KEYFACTORID], [PRODUCTPREMIUMRATEID]) VALUES (N'ISPRD001001000064045527052019', 54, NULL, 54, NULL, 1, CAST(N'2019-04-01 10:07:36.053' AS DateTime), N'INUSR0010001000000000129032013      ', NULL, NULL, N'ISSYS013001000000030730062015       ', N'ISPRD002001000024927627052019')
INSERT [dbo].[PRODUCT_RATEKEYFACTOR] ([ID], [FROMVALUE], [REFERENCENAME], [TOVALUE], [VALUE], [VERSION], [CREATEDDATE], [CREATEDUSERID], [UPDATEDDATE], [UPDATEDUSERID], [KEYFACTORID], [PRODUCTPREMIUMRATEID]) VALUES (N'ISPRD001001000064045627052019', 0, NULL, 0, N'7', 1, CAST(N'2019-04-01 10:07:58.943' AS DateTime), N'INUSR0010001000000000129032013      ', NULL, NULL, N'ISSYS0130001000000000829032013      ', N'ISPRD002001000024927727052019')
INSERT [dbo].[PRODUCT_RATEKEYFACTOR] ([ID], [FROMVALUE], [REFERENCENAME], [TOVALUE], [VALUE], [VERSION], [CREATEDDATE], [CREATEDUSERID], [UPDATEDDATE], [UPDATEDUSERID], [KEYFACTORID], [PRODUCTPREMIUMRATEID]) VALUES (N'ISPRD001001000064045727052019', 55, NULL, 55, NULL, 1, CAST(N'2019-04-01 10:07:58.943' AS DateTime), N'INUSR0010001000000000129032013      ', NULL, NULL, N'ISSYS013001000000030730062015       ', N'ISPRD002001000024927727052019')
INSERT [dbo].[PRODUCT_RATEKEYFACTOR] ([ID], [FROMVALUE], [REFERENCENAME], [TOVALUE], [VALUE], [VERSION], [CREATEDDATE], [CREATEDUSERID], [UPDATEDDATE], [UPDATEDUSERID], [KEYFACTORID], [PRODUCTPREMIUMRATEID]) VALUES (N'ISPRD001001000064045827052019', 0, NULL, 0, N'7', 1, CAST(N'2019-04-01 10:08:25.673' AS DateTime), N'INUSR0010001000000000129032013      ', NULL, NULL, N'ISSYS0130001000000000829032013      ', N'ISPRD002001000024927827052019')
INSERT [dbo].[PRODUCT_RATEKEYFACTOR] ([ID], [FROMVALUE], [REFERENCENAME], [TOVALUE], [VALUE], [VERSION], [CREATEDDATE], [CREATEDUSERID], [UPDATEDDATE], [UPDATEDUSERID], [KEYFACTORID], [PRODUCTPREMIUMRATEID]) VALUES (N'ISPRD001001000064045927052019', 56, NULL, 57, NULL, 1, CAST(N'2019-04-01 10:08:25.673' AS DateTime), N'INUSR0010001000000000129032013      ', NULL, NULL, N'ISSYS013001000000030730062015       ', N'ISPRD002001000024927827052019')
INSERT [dbo].[PRODUCT_RATEKEYFACTOR] ([ID], [FROMVALUE], [REFERENCENAME], [TOVALUE], [VALUE], [VERSION], [CREATEDDATE], [CREATEDUSERID], [UPDATEDDATE], [UPDATEDUSERID], [KEYFACTORID], [PRODUCTPREMIUMRATEID]) VALUES (N'ISPRD001001000064046027052019', 0, NULL, 0, N'7', 1, CAST(N'2019-04-01 10:08:50.723' AS DateTime), N'INUSR0010001000000000129032013      ', NULL, NULL, N'ISSYS0130001000000000829032013      ', N'ISPRD002001000024927927052019')
INSERT [dbo].[PRODUCT_RATEKEYFACTOR] ([ID], [FROMVALUE], [REFERENCENAME], [TOVALUE], [VALUE], [VERSION], [CREATEDDATE], [CREATEDUSERID], [UPDATEDDATE], [UPDATEDUSERID], [KEYFACTORID], [PRODUCTPREMIUMRATEID]) VALUES (N'ISPRD001001000064046127052019', 58, NULL, 58, NULL, 1, CAST(N'2019-04-01 10:08:50.723' AS DateTime), N'INUSR0010001000000000129032013      ', NULL, NULL, N'ISSYS013001000000030730062015       ', N'ISPRD002001000024927927052019')
INSERT [dbo].[PRODUCT_RATEKEYFACTOR] ([ID], [FROMVALUE], [REFERENCENAME], [TOVALUE], [VALUE], [VERSION], [CREATEDDATE], [CREATEDUSERID], [UPDATEDDATE], [UPDATEDUSERID], [KEYFACTORID], [PRODUCTPREMIUMRATEID]) VALUES (N'ISPRD001001000064046227052019', 0, NULL, 0, N'10', 1, CAST(N'2019-04-01 10:09:20.307' AS DateTime), N'INUSR0010001000000000129032013      ', NULL, NULL, N'ISSYS0130001000000000829032013      ', N'ISPRD002001000024928027052019')
INSERT [dbo].[PRODUCT_RATEKEYFACTOR] ([ID], [FROMVALUE], [REFERENCENAME], [TOVALUE], [VALUE], [VERSION], [CREATEDDATE], [CREATEDUSERID], [UPDATEDDATE], [UPDATEDUSERID], [KEYFACTORID], [PRODUCTPREMIUMRATEID]) VALUES (N'ISPRD001001000064046327052019', 10, NULL, 34, NULL, 1, CAST(N'2019-04-01 10:09:20.307' AS DateTime), N'INUSR0010001000000000129032013      ', NULL, NULL, N'ISSYS013001000000030730062015       ', N'ISPRD002001000024928027052019')
INSERT [dbo].[PRODUCT_RATEKEYFACTOR] ([ID], [FROMVALUE], [REFERENCENAME], [TOVALUE], [VALUE], [VERSION], [CREATEDDATE], [CREATEDUSERID], [UPDATEDDATE], [UPDATEDUSERID], [KEYFACTORID], [PRODUCTPREMIUMRATEID]) VALUES (N'ISPRD001001000064046427052019', 0, NULL, 0, N'10', 1, CAST(N'2019-04-01 10:09:49.340' AS DateTime), N'INUSR0010001000000000129032013      ', NULL, NULL, N'ISSYS0130001000000000829032013      ', N'ISPRD002001000024928127052019')
INSERT [dbo].[PRODUCT_RATEKEYFACTOR] ([ID], [FROMVALUE], [REFERENCENAME], [TOVALUE], [VALUE], [VERSION], [CREATEDDATE], [CREATEDUSERID], [UPDATEDDATE], [UPDATEDUSERID], [KEYFACTORID], [PRODUCTPREMIUMRATEID]) VALUES (N'ISPRD001001000064046527052019', 35, NULL, 40, NULL, 1, CAST(N'2019-04-01 10:09:49.340' AS DateTime), N'INUSR0010001000000000129032013      ', NULL, NULL, N'ISSYS013001000000030730062015       ', N'ISPRD002001000024928127052019')
INSERT [dbo].[PRODUCT_RATEKEYFACTOR] ([ID], [FROMVALUE], [REFERENCENAME], [TOVALUE], [VALUE], [VERSION], [CREATEDDATE], [CREATEDUSERID], [UPDATEDDATE], [UPDATEDUSERID], [KEYFACTORID], [PRODUCTPREMIUMRATEID]) VALUES (N'ISPRD001001000064046627052019', 0, NULL, 0, N'10', 1, CAST(N'2019-04-01 10:10:12.267' AS DateTime), N'INUSR0010001000000000129032013      ', NULL, NULL, N'ISSYS0130001000000000829032013      ', N'ISPRD002001000024928227052019')
INSERT [dbo].[PRODUCT_RATEKEYFACTOR] ([ID], [FROMVALUE], [REFERENCENAME], [TOVALUE], [VALUE], [VERSION], [CREATEDDATE], [CREATEDUSERID], [UPDATEDDATE], [UPDATEDUSERID], [KEYFACTORID], [PRODUCTPREMIUMRATEID]) VALUES (N'ISPRD001001000064046727052019', 41, NULL, 44, NULL, 1, CAST(N'2019-04-01 10:10:12.267' AS DateTime), N'INUSR0010001000000000129032013      ', NULL, NULL, N'ISSYS013001000000030730062015       ', N'ISPRD002001000024928227052019')
INSERT [dbo].[PRODUCT_RATEKEYFACTOR] ([ID], [FROMVALUE], [REFERENCENAME], [TOVALUE], [VALUE], [VERSION], [CREATEDDATE], [CREATEDUSERID], [UPDATEDDATE], [UPDATEDUSERID], [KEYFACTORID], [PRODUCTPREMIUMRATEID]) VALUES (N'ISPRD001001000064046827052019', 0, NULL, 0, N'10', 1, CAST(N'2019-04-01 10:10:33.197' AS DateTime), N'INUSR0010001000000000129032013      ', NULL, NULL, N'ISSYS0130001000000000829032013      ', N'ISPRD002001000024928327052019')
INSERT [dbo].[PRODUCT_RATEKEYFACTOR] ([ID], [FROMVALUE], [REFERENCENAME], [TOVALUE], [VALUE], [VERSION], [CREATEDDATE], [CREATEDUSERID], [UPDATEDDATE], [UPDATEDUSERID], [KEYFACTORID], [PRODUCTPREMIUMRATEID]) VALUES (N'ISPRD001001000064046927052019', 45, NULL, 46, NULL, 1, CAST(N'2019-04-01 10:10:33.197' AS DateTime), N'INUSR0010001000000000129032013      ', NULL, NULL, N'ISSYS013001000000030730062015       ', N'ISPRD002001000024928327052019')
INSERT [dbo].[PRODUCT_RATEKEYFACTOR] ([ID], [FROMVALUE], [REFERENCENAME], [TOVALUE], [VALUE], [VERSION], [CREATEDDATE], [CREATEDUSERID], [UPDATEDDATE], [UPDATEDUSERID], [KEYFACTORID], [PRODUCTPREMIUMRATEID]) VALUES (N'ISPRD001001000064047027052019', 0, NULL, 0, N'10', 1, CAST(N'2019-04-01 10:10:59.913' AS DateTime), N'INUSR0010001000000000129032013      ', NULL, NULL, N'ISSYS0130001000000000829032013      ', N'ISPRD002001000024928427052019')
INSERT [dbo].[PRODUCT_RATEKEYFACTOR] ([ID], [FROMVALUE], [REFERENCENAME], [TOVALUE], [VALUE], [VERSION], [CREATEDDATE], [CREATEDUSERID], [UPDATEDDATE], [UPDATEDUSERID], [KEYFACTORID], [PRODUCTPREMIUMRATEID]) VALUES (N'ISPRD001001000064047127052019', 47, NULL, 48, NULL, 1, CAST(N'2019-04-01 10:10:59.913' AS DateTime), N'INUSR0010001000000000129032013      ', NULL, NULL, N'ISSYS013001000000030730062015       ', N'ISPRD002001000024928427052019')
INSERT [dbo].[PRODUCT_RATEKEYFACTOR] ([ID], [FROMVALUE], [REFERENCENAME], [TOVALUE], [VALUE], [VERSION], [CREATEDDATE], [CREATEDUSERID], [UPDATEDDATE], [UPDATEDUSERID], [KEYFACTORID], [PRODUCTPREMIUMRATEID]) VALUES (N'ISPRD001001000064047227052019', 0, NULL, 0, N'10', 1, CAST(N'2019-04-01 10:11:24.880' AS DateTime), N'INUSR0010001000000000129032013      ', NULL, NULL, N'ISSYS0130001000000000829032013      ', N'ISPRD002001000024928527052019')
INSERT [dbo].[PRODUCT_RATEKEYFACTOR] ([ID], [FROMVALUE], [REFERENCENAME], [TOVALUE], [VALUE], [VERSION], [CREATEDDATE], [CREATEDUSERID], [UPDATEDDATE], [UPDATEDUSERID], [KEYFACTORID], [PRODUCTPREMIUMRATEID]) VALUES (N'ISPRD001001000064047327052019', 49, NULL, 50, NULL, 1, CAST(N'2019-04-01 10:11:24.880' AS DateTime), N'INUSR0010001000000000129032013      ', NULL, NULL, N'ISSYS013001000000030730062015       ', N'ISPRD002001000024928527052019')
INSERT [dbo].[PRODUCT_RATEKEYFACTOR] ([ID], [FROMVALUE], [REFERENCENAME], [TOVALUE], [VALUE], [VERSION], [CREATEDDATE], [CREATEDUSERID], [UPDATEDDATE], [UPDATEDUSERID], [KEYFACTORID], [PRODUCTPREMIUMRATEID]) VALUES (N'ISPRD001001000064047427052019', 0, NULL, 0, N'10', 1, CAST(N'2019-04-01 10:11:49.453' AS DateTime), N'INUSR0010001000000000129032013      ', NULL, NULL, N'ISSYS0130001000000000829032013      ', N'ISPRD002001000024928627052019')
INSERT [dbo].[PRODUCT_RATEKEYFACTOR] ([ID], [FROMVALUE], [REFERENCENAME], [TOVALUE], [VALUE], [VERSION], [CREATEDDATE], [CREATEDUSERID], [UPDATEDDATE], [UPDATEDUSERID], [KEYFACTORID], [PRODUCTPREMIUMRATEID]) VALUES (N'ISPRD001001000064047527052019', 51, NULL, 52, NULL, 1, CAST(N'2019-04-01 10:11:49.453' AS DateTime), N'INUSR0010001000000000129032013      ', NULL, NULL, N'ISSYS013001000000030730062015       ', N'ISPRD002001000024928627052019')
INSERT [dbo].[PRODUCT_RATEKEYFACTOR] ([ID], [FROMVALUE], [REFERENCENAME], [TOVALUE], [VALUE], [VERSION], [CREATEDDATE], [CREATEDUSERID], [UPDATEDDATE], [UPDATEDUSERID], [KEYFACTORID], [PRODUCTPREMIUMRATEID]) VALUES (N'ISPRD001001000064047627052019', 0, NULL, 0, N'10', 1, CAST(N'2019-04-01 10:12:19.487' AS DateTime), N'INUSR0010001000000000129032013      ', NULL, NULL, N'ISSYS0130001000000000829032013      ', N'ISPRD002001000024928727052019')
INSERT [dbo].[PRODUCT_RATEKEYFACTOR] ([ID], [FROMVALUE], [REFERENCENAME], [TOVALUE], [VALUE], [VERSION], [CREATEDDATE], [CREATEDUSERID], [UPDATEDDATE], [UPDATEDUSERID], [KEYFACTORID], [PRODUCTPREMIUMRATEID]) VALUES (N'ISPRD001001000064047727052019', 53, NULL, 53, NULL, 1, CAST(N'2019-04-01 10:12:19.487' AS DateTime), N'INUSR0010001000000000129032013      ', NULL, NULL, N'ISSYS013001000000030730062015       ', N'ISPRD002001000024928727052019')
INSERT [dbo].[PRODUCT_RATEKEYFACTOR] ([ID], [FROMVALUE], [REFERENCENAME], [TOVALUE], [VALUE], [VERSION], [CREATEDDATE], [CREATEDUSERID], [UPDATEDDATE], [UPDATEDUSERID], [KEYFACTORID], [PRODUCTPREMIUMRATEID]) VALUES (N'ISPRD001001000064047827052019', 0, NULL, 0, N'10', 1, CAST(N'2019-04-01 10:12:52.120' AS DateTime), N'INUSR0010001000000000129032013      ', NULL, NULL, N'ISSYS0130001000000000829032013      ', N'ISPRD002001000024928827052019')
INSERT [dbo].[PRODUCT_RATEKEYFACTOR] ([ID], [FROMVALUE], [REFERENCENAME], [TOVALUE], [VALUE], [VERSION], [CREATEDDATE], [CREATEDUSERID], [UPDATEDDATE], [UPDATEDUSERID], [KEYFACTORID], [PRODUCTPREMIUMRATEID]) VALUES (N'ISPRD001001000064047927052019', 54, NULL, 54, NULL, 1, CAST(N'2019-04-01 10:12:52.120' AS DateTime), N'INUSR0010001000000000129032013      ', NULL, NULL, N'ISSYS013001000000030730062015       ', N'ISPRD002001000024928827052019')
INSERT [dbo].[PRODUCT_RATEKEYFACTOR] ([ID], [FROMVALUE], [REFERENCENAME], [TOVALUE], [VALUE], [VERSION], [CREATEDDATE], [CREATEDUSERID], [UPDATEDDATE], [UPDATEDUSERID], [KEYFACTORID], [PRODUCTPREMIUMRATEID]) VALUES (N'ISPRD001001000064048027052019', 0, NULL, 0, N'10', 1, CAST(N'2019-04-01 10:13:10.727' AS DateTime), N'INUSR0010001000000000129032013      ', NULL, NULL, N'ISSYS0130001000000000829032013      ', N'ISPRD002001000024928927052019')
INSERT [dbo].[PRODUCT_RATEKEYFACTOR] ([ID], [FROMVALUE], [REFERENCENAME], [TOVALUE], [VALUE], [VERSION], [CREATEDDATE], [CREATEDUSERID], [UPDATEDDATE], [UPDATEDUSERID], [KEYFACTORID], [PRODUCTPREMIUMRATEID]) VALUES (N'ISPRD001001000064048127052019', 55, NULL, 55, NULL, 1, CAST(N'2019-04-01 10:13:10.727' AS DateTime), N'INUSR0010001000000000129032013      ', NULL, NULL, N'ISSYS013001000000030730062015       ', N'ISPRD002001000024928927052019')
INSERT [dbo].[PRODUCT_RATEKEYFACTOR] ([ID], [FROMVALUE], [REFERENCENAME], [TOVALUE], [VALUE], [VERSION], [CREATEDDATE], [CREATEDUSERID], [UPDATEDDATE], [UPDATEDUSERID], [KEYFACTORID], [PRODUCTPREMIUMRATEID]) VALUES (N'ISPRD001001000064048227052019', 0, NULL, 0, N'5', 1, CAST(N'2019-04-01 10:13:48.447' AS DateTime), N'INUSR0010001000000000129032013      ', NULL, NULL, N'ISSYS0130001000000000829032013      ', N'ISPRD002001000024929027052019')
INSERT [dbo].[PRODUCT_RATEKEYFACTOR] ([ID], [FROMVALUE], [REFERENCENAME], [TOVALUE], [VALUE], [VERSION], [CREATEDDATE], [CREATEDUSERID], [UPDATEDDATE], [UPDATEDUSERID], [KEYFACTORID], [PRODUCTPREMIUMRATEID]) VALUES (N'ISPRD001001000064048327052019', 58, NULL, 58, NULL, 1, CAST(N'2019-04-01 10:13:48.447' AS DateTime), N'INUSR0010001000000000129032013      ', NULL, NULL, N'ISSYS013001000000030730062015       ', N'ISPRD002001000024929027052019')


--SURVERY QUESTION FOR GOVERNMENTSHORTTERMENDOWMENTLIFE
--PRODUCTPROCESS
INSERT PRODUCTPROCESS (ID, ACTIVESTATUS, ENDDATE, QUESTIONSETNO, STARTDATE, VERSION, CREATEDDATE, CREATEDUSERID, UPDATEDDATE, UPDATEDUSERID, PROCESSID, PRODUCTID, BUILDINGOCCUPATIONTYPE, STUDENTAGETYPE, MINAGE, MAXAGE, SUMINSURED )
VALUES('ISSUR002001000009561928052019','ACTIVATE',NULL,'TEST/0000000001','2020-09-08 00:00:00.000',1,'2020-09-08 00:00:00.000','INUSR0010001000000000129032013',NULL,NULL,'ISSUR001001000000000130062015','ISPRD003001000000001108092020',NULL,NULL,NULL,NULL,NULL)

--PRODUCT_PROCESS_QUESTION_LINK
INSERT [dbo].[PRODUCT_PROCESS_QUESTION_LINK] ([ID], [OPTIONAL], [PRIORITY], [VERSION], [CREATEDDATE], [CREATEDUSERID], [UPDATEDDATE], [UPDATEDUSERID], [PRODUCTPROCESS_ID], [SURVEYQUESTION_ID]) VALUES (N'ISSUR003001000009664329052019', 1, 1, 1, CAST(N'2019-05-28 10:16:13.443' AS DateTime), N'INUSR0010001000000000129032013      ', NULL, NULL, 'ISSUR002001000009561928052019', N'ISSUR004001000009564121052019')
INSERT [dbo].[PRODUCT_PROCESS_QUESTION_LINK] ([ID], [OPTIONAL], [PRIORITY], [VERSION], [CREATEDDATE], [CREATEDUSERID], [UPDATEDDATE], [UPDATEDUSERID], [PRODUCTPROCESS_ID], [SURVEYQUESTION_ID]) VALUES (N'ISSUR003001000009664429052019', 0, 2, 1, CAST(N'2019-05-28 10:16:13.437' AS DateTime), N'INUSR0010001000000000129032013      ', NULL, NULL, 'ISSUR002001000009561928052019', N'ISSUR004001000009550911052019')
INSERT [dbo].[PRODUCT_PROCESS_QUESTION_LINK] ([ID], [OPTIONAL], [PRIORITY], [VERSION], [CREATEDDATE], [CREATEDUSERID], [UPDATEDDATE], [UPDATEDUSERID], [PRODUCTPROCESS_ID], [SURVEYQUESTION_ID]) VALUES (N'ISSUR003001000009664529052019', 1, 3, 1, CAST(N'2019-05-28 10:16:13.443' AS DateTime), N'INUSR0010001000000000129032013      ', NULL, NULL, 'ISSUR002001000009561928052019', N'ISSUR004001000009564221052019')
INSERT [dbo].[PRODUCT_PROCESS_QUESTION_LINK] ([ID], [OPTIONAL], [PRIORITY], [VERSION], [CREATEDDATE], [CREATEDUSERID], [UPDATEDDATE], [UPDATEDUSERID], [PRODUCTPROCESS_ID], [SURVEYQUESTION_ID]) VALUES (N'ISSUR003001000009664629052019', 0, 4, 1, CAST(N'2019-05-28 10:16:13.437' AS DateTime), N'INUSR0010001000000000129032013      ', NULL, NULL, 'ISSUR002001000009561928052019', N'ISSUR004001000009550411052019')
INSERT [dbo].[PRODUCT_PROCESS_QUESTION_LINK] ([ID], [OPTIONAL], [PRIORITY], [VERSION], [CREATEDDATE], [CREATEDUSERID], [UPDATEDDATE], [UPDATEDUSERID], [PRODUCTPROCESS_ID], [SURVEYQUESTION_ID]) VALUES (N'ISSUR003001000009664729052019', 0, 5, 1, CAST(N'2019-05-28 10:16:13.443' AS DateTime), N'INUSR0010001000000000129032013      ', NULL, NULL, 'ISSUR002001000009561928052019', N'ISSUR004001000009550511052019')
INSERT [dbo].[PRODUCT_PROCESS_QUESTION_LINK] ([ID], [OPTIONAL], [PRIORITY], [VERSION], [CREATEDDATE], [CREATEDUSERID], [UPDATEDDATE], [UPDATEDUSERID], [PRODUCTPROCESS_ID], [SURVEYQUESTION_ID]) VALUES (N'ISSUR003001000009664829052019', 1, 6, 1, CAST(N'2019-05-28 10:16:13.443' AS DateTime), N'INUSR0010001000000000129032013      ', NULL, NULL, 'ISSUR002001000009561928052019', N'ISSUR004001000009550611052019')
INSERT [dbo].[PRODUCT_PROCESS_QUESTION_LINK] ([ID], [OPTIONAL], [PRIORITY], [VERSION], [CREATEDDATE], [CREATEDUSERID], [UPDATEDDATE], [UPDATEDUSERID], [PRODUCTPROCESS_ID], [SURVEYQUESTION_ID]) VALUES (N'ISSUR003001000009664929052019', 0, 7, 1, CAST(N'2019-05-28 10:16:13.437' AS DateTime), N'INUSR0010001000000000129032013      ', NULL, NULL, 'ISSUR002001000009561928052019', N'ISSUR004001000009550811052019')
INSERT [dbo].[PRODUCT_PROCESS_QUESTION_LINK] ([ID], [OPTIONAL], [PRIORITY], [VERSION], [CREATEDDATE], [CREATEDUSERID], [UPDATEDDATE], [UPDATEDUSERID], [PRODUCTPROCESS_ID], [SURVEYQUESTION_ID]) VALUES (N'ISSUR003001000009665029052019', 0, 8, 1, CAST(N'2019-05-28 10:16:13.443' AS DateTime), N'INUSR0010001000000000129032013      ', NULL, NULL, 'ISSUR002001000009561928052019', N'ISSUR004001000009550211052019')
INSERT [dbo].[PRODUCT_PROCESS_QUESTION_LINK] ([ID], [OPTIONAL], [PRIORITY], [VERSION], [CREATEDDATE], [CREATEDUSERID], [UPDATEDDATE], [UPDATEDUSERID], [PRODUCTPROCESS_ID], [SURVEYQUESTION_ID]) VALUES (N'ISSUR003001000009665129052019', 0, 9, 1, CAST(N'2019-05-28 10:16:13.440' AS DateTime), N'INUSR0010001000000000129032013      ', NULL, NULL, 'ISSUR002001000009561928052019', N'ISSUR004001000009564421052019')
INSERT [dbo].[PRODUCT_PROCESS_QUESTION_LINK] ([ID], [OPTIONAL], [PRIORITY], [VERSION], [CREATEDDATE], [CREATEDUSERID], [UPDATEDDATE], [UPDATEDUSERID], [PRODUCTPROCESS_ID], [SURVEYQUESTION_ID]) VALUES (N'ISSUR003001000009665229052019', 0, 10, 1, CAST(N'2019-05-28 10:16:13.437' AS DateTime), N'INUSR0010001000000000129032013      ', NULL, NULL,'ISSUR002001000009561928052019', N'ISSUR004001000009564521052019')
INSERT [dbo].[PRODUCT_PROCESS_QUESTION_LINK] ([ID], [OPTIONAL], [PRIORITY], [VERSION], [CREATEDDATE], [CREATEDUSERID], [UPDATEDDATE], [UPDATEDUSERID], [PRODUCTPROCESS_ID], [SURVEYQUESTION_ID]) VALUES (N'ISSUR003001000009665329052019', 0, 11, 1, CAST(N'2019-05-28 10:16:13.443' AS DateTime), N'INUSR0010001000000000129032013      ', NULL, NULL,'ISSUR002001000009561928052019', N'ISSUR004001000009551011052019')
INSERT [dbo].[PRODUCT_PROCESS_QUESTION_LINK] ([ID], [OPTIONAL], [PRIORITY], [VERSION], [CREATEDDATE], [CREATEDUSERID], [UPDATEDDATE], [UPDATEDUSERID], [PRODUCTPROCESS_ID], [SURVEYQUESTION_ID]) VALUES (N'ISSUR003001000009665429052019', 1, 12, 1, CAST(N'2019-05-28 10:16:13.440' AS DateTime), N'INUSR0010001000000000129032013      ', NULL, NULL,'ISSUR002001000009561928052019', N'ISSUR004001000009551111052019')
INSERT [dbo].[PRODUCT_PROCESS_QUESTION_LINK] ([ID], [OPTIONAL], [PRIORITY], [VERSION], [CREATEDDATE], [CREATEDUSERID], [UPDATEDDATE], [UPDATEDUSERID], [PRODUCTPROCESS_ID], [SURVEYQUESTION_ID]) VALUES (N'ISSUR003001000009665529052019', 0, 13, 1, CAST(N'2019-05-28 10:16:13.437' AS DateTime), N'INUSR0010001000000000129032013      ', NULL, NULL,'ISSUR002001000009561928052019', N'ISSUR004001000009551211052019')
INSERT [dbo].[PRODUCT_PROCESS_QUESTION_LINK] ([ID], [OPTIONAL], [PRIORITY], [VERSION], [CREATEDDATE], [CREATEDUSERID], [UPDATEDDATE], [UPDATEDUSERID], [PRODUCTPROCESS_ID], [SURVEYQUESTION_ID]) VALUES (N'ISSUR003001000009665629052019', 0, 14, 1, CAST(N'2019-05-28 10:16:13.437' AS DateTime), N'INUSR0010001000000000129032013      ', NULL, NULL,'ISSUR002001000009561928052019', N'ISSUR004001000009551311052019')
INSERT [dbo].[PRODUCT_PROCESS_QUESTION_LINK] ([ID], [OPTIONAL], [PRIORITY], [VERSION], [CREATEDDATE], [CREATEDUSERID], [UPDATEDDATE], [UPDATEDUSERID], [PRODUCTPROCESS_ID], [SURVEYQUESTION_ID]) VALUES (N'ISSUR003001000009665729052019', 0, 15, 1, CAST(N'2019-05-28 10:16:13.443' AS DateTime), N'INUSR0010001000000000129032013      ', NULL, NULL,'ISSUR002001000009561928052019', N'ISSUR004001000009551411052019')
INSERT [dbo].[PRODUCT_PROCESS_QUESTION_LINK] ([ID], [OPTIONAL], [PRIORITY], [VERSION], [CREATEDDATE], [CREATEDUSERID], [UPDATEDDATE], [UPDATEDUSERID], [PRODUCTPROCESS_ID], [SURVEYQUESTION_ID]) VALUES (N'ISSUR003001000009665829052019', 0, 16, 1, CAST(N'2019-05-28 10:16:13.437' AS DateTime), N'INUSR0010001000000000129032013      ', NULL, NULL,'ISSUR002001000009561928052019', N'ISSUR004001000009551511052019')

--COA
INSERT INTO COA (ID,ACCODE,ACCODETYPE,ACNAME,ACTYPE,GROUPID,HEADID,IBSBACODE,PDATE,VERSION,CREATEDDATE,CREATEDUSERID,UPDATEDDATE,UPDATEDUSERID) VALUES ('ISCOA001000000050001042019','04-001-011','DETAIL','GovernmentShortTerm Endowment Life Premium Income','I','ISCOA001000000003301042019','ISCOA001000000000401042019',NULL,NULL,1,'2019-04-01 00:00:00.000','INUSR0010001000000000129032013',NULL,NULL)
INSERT INTO COA (ID,ACCODE,ACCODETYPE,ACNAME,ACTYPE,GROUPID,HEADID,IBSBACODE,PDATE,VERSION,CREATEDDATE,CREATEDUSERID,UPDATEDDATE,UPDATEDUSERID) VALUES ('ISCOA001000000050101042019','01-014-012','DETAIL','Accured Income : GovernmentShortTerm Life','A','ISCOA001000000002401042019','ISCOA001000000000101042019',NULL,NULL,1,'2019-04-01 00:00:00.000','INUSR0010001000000000129032013',NULL,NULL)
INSERT INTO COA (ID,ACCODE,ACCODETYPE,ACNAME,ACTYPE,GROUPID,HEADID,IBSBACODE,PDATE,VERSION,CREATEDDATE,CREATEDUSERID,UPDATEDDATE,UPDATEDUSERID) VALUES ('ISCOA001000000050201042019','05-002-012','DETAIL','Agent Com; GovernmentShortTerm Endo Life','E','ISCOA001000000004101042019','ISCOA001000000000501042019',NULL,NULL,1,'2019-04-01 00:00:00.000','INUSR0010001000000000129032013',NULL,NULL)
INSERT INTO COA (ID,ACCODE,ACCODETYPE,ACNAME,ACTYPE,GROUPID,HEADID,IBSBACODE,PDATE,VERSION,CREATEDDATE,CREATEDUSERID,UPDATEDDATE,UPDATEDUSERID) VALUES ('ISCOA001000000050301042019','02-003-012','DETAIL','Payable Commis : GovernmentShortTerm Life','L','ISCOA001000000002701042019','ISCOA001000000000201042019',NULL,NULL,1,'2019-04-01 00:00:00.000','INUSR0010001000000000129032013',NULL,NULL)
INSERT INTO COA (ID,ACCODE,ACCODETYPE,ACNAME,ACTYPE,GROUPID,HEADID,IBSBACODE,PDATE,VERSION,CREATEDDATE,CREATEDUSERID,UPDATEDDATE,UPDATEDUSERID) VALUES ('ISCOA001000000050401042019','04-007-012','DETAIL','GovernmentShortTerm Life - Service Charges Income','I','ISCOA001000000003901042019','ISCOA001000000000401042019',NULL,NULL,1,'2019-04-01 00:00:00.000','INUSR0010001000000000129032013',NULL,NULL)
INSERT INTO COA (ID,ACCODE,ACCODETYPE,ACNAME,ACTYPE,GROUPID,HEADID,IBSBACODE,PDATE,VERSION,CREATEDDATE,CREATEDUSERID,UPDATEDDATE,UPDATEDUSERID) VALUES ('ISCOA001000000050501042019','01-013-024','DETAIL','Receivable : Stamp Duties','A','ISCOA001000000002301042019','ISCOA001000000000101042019',NULL,NULL,1,'2019-04-01 00:00:00.000','INUSR0010001000000000129032013',NULL,NULL)     
INSERT INTO COA (ID,ACCODE,ACCODETYPE,ACNAME,ACTYPE,GROUPID,HEADID,IBSBACODE,PDATE,VERSION,CREATEDDATE,CREATEDUSERID,UPDATEDDATE,UPDATEDUSERID) VALUES ('ISCOA001000000050601042019','02-005-013','DETAIL','Payable Claims : GovernmentShortTerm Endowment life','L','ISCOA001000000002901042019','ISCOA001000000000201042019',NULL,NULL,1,'2019-04-01 00:00:00.000','INUSR0010001000000000129032013',NULL,NULL)
INSERT INTO COA (ID,ACCODE,ACCODETYPE,ACNAME,ACTYPE,GROUPID,HEADID,IBSBACODE,PDATE,VERSION,CREATEDDATE,CREATEDUSERID,UPDATEDDATE,UPDATEDUSERID) VALUES ('ISCOA001000000050701042019','05-001-011','DETAIL','GovernmentShortTerm Endowment Claim','E','ISCOA001000000004001042019','ISCOA001000000000501042019',NULL,NULL,1,'2019-04-01 00:00:00.000','INUSR0010001000000000129032013',NULL,NULL)
INSERT INTO COA (ID,ACCODE,ACCODETYPE,ACNAME,ACTYPE,GROUPID,HEADID,IBSBACODE,PDATE,VERSION,CREATEDDATE,CREATEDUSERID,UPDATEDDATE,UPDATEDUSERID) VALUES ('ISCOA001000000050801042019','05-001-011','DETAIL','GovernmentShortTerm Endowment Claim','E','ISCOA001000000004001042019','ISCOA001000000000501042019',NULL,NULL,1,'2019-04-01 00:00:00.000','INUSR0010001000000000129032013',NULL,NULL)
INSERT INTO COA (ID,ACCODE,ACCODETYPE,ACNAME,ACTYPE,GROUPID,HEADID,IBSBACODE,PDATE,VERSION,CREATEDDATE,CREATEDUSERID,UPDATEDDATE,UPDATEDUSERID) VALUES ('ISCOA001000000050901042019','02-005-013','DETAIL','Payable Claims : GovernmentShortTerm Endowment life','L','ISCOA001000000002901042019','ISCOA001000000000201042019',NULL,NULL,1,'2019-04-01 00:00:00.000','INUSR0010001000000000129032013',NULL,NULL)

--CCOA
INSERT [dbo].[CCOA] ([ID], [ACNAME], [COAID], [ACCRUED], [BF], [OBAL], [HOBAL], [CBAL], [M1], [M2], [M3], [M4], [M5], [M6], [M7], [M8], [M9], [M10], [M11], [M12], [M13], [MSRC1], [MSRC2], [MSRC3], [MSRC4], [MSRC5], [MSRC6], [MSRC7], [MSRC8], [MSRC9], [MSRC10], [MSRC11], [MSRC12], [MSRC13], [BF1], [BF2], [BF3], [BF4], [BF5], [BF6], [BF7], [BF8], [BF9], [BF10], [BF11], [BF12], [BF13], [BFSRC1], [BFSRC2], [BFSRC3], [BFSRC4], [BFSRC5], [BFSRC6], [BFSRC7], [BFSRC8], [BFSRC9], [BFSRC10], [BFSRC11], [BFSRC12], [BFSRC13], [MREV1], [MREV2], [MREV3], [MREV4], [MREV5], [MREV6], [MREV7], [MREV8], [MREV9], [MREV10], [MREV11], [MREV12], [MREV13], [LYMSRC1], [LYMSRC2], [LYMSRC3], [LYMSRC4], [LYMSRC5], [LYMSRC6], [LYMSRC7], [LYMSRC8], [LYMSRC9], [LYMSRC10], [LYMSRC11], [LYMSRC12], [LYMSRC13], [SCCRBAL], [BUDGET], [BRANCHID], [CURRENCYID], [DEPARTMENTID], [VERSION], [CREATEDDATE], [CREATEDUSERID], [UPDATEDDATE], [UPDATEDUSERID]) VALUES (N'ISCCOA001000000019401042019'         , N'GovernmentShortTerm Endowment Life Premium Income', N'ISCOA001000000050001042019          ', CAST(0.0000 AS Numeric(18, 4)), CAST(0.0000 AS Numeric(18, 4)), CAST(0.0000 AS Numeric(18, 4)), CAST(0.0000 AS Numeric(18, 4)), CAST(0.0000 AS Numeric(18, 4)), CAST(0.0000 AS Numeric(18, 4)), CAST(0.0000 AS Numeric(18, 4)), CAST(0.0000 AS Numeric(18, 4)), CAST(0.0000 AS Numeric(18, 4)), CAST(0.0000 AS Numeric(18, 4)), CAST(0.0000 AS Numeric(18, 4)), CAST(0.0000 AS Numeric(18, 4)), CAST(0.0000 AS Numeric(18, 4)), CAST(0.0000 AS Numeric(18, 4)), CAST(0.0000 AS Numeric(18, 4)), CAST(0.0000 AS Numeric(18, 4)), CAST(0.0000 AS Numeric(18, 4)), CAST(0.0000 AS Numeric(18, 4)), CAST(0.0000 AS Numeric(18, 4)), CAST(0.0000 AS Numeric(18, 4)), CAST(0.0000 AS Numeric(18, 4)), CAST(0.0000 AS Numeric(18, 4)), CAST(0.0000 AS Numeric(18, 4)), CAST(0.0000 AS Numeric(18, 4)), CAST(0.0000 AS Numeric(18, 4)), CAST(0.0000 AS Numeric(18, 4)), CAST(0.0000 AS Numeric(18, 4)), CAST(0.0000 AS Numeric(18, 4)), CAST(0.0000 AS Numeric(18, 4)), CAST(0.0000 AS Numeric(18, 4)), CAST(0.0000 AS Numeric(18, 4)), CAST(0.0000 AS Numeric(18, 4)), CAST(0.0000 AS Numeric(18, 4)), CAST(0.0000 AS Numeric(18, 4)), CAST(0.0000 AS Numeric(18, 4)), CAST(0.0000 AS Numeric(18, 4)), CAST(0.0000 AS Numeric(18, 4)), CAST(0.0000 AS Numeric(18, 4)), CAST(0.0000 AS Numeric(18, 4)), CAST(0.0000 AS Numeric(18, 4)), CAST(0.0000 AS Numeric(18, 4)), CAST(0.0000 AS Numeric(18, 4)), CAST(0.0000 AS Numeric(18, 4)), CAST(0.0000 AS Numeric(18, 4)), CAST(0.0000 AS Numeric(18, 4)), CAST(0.0000 AS Numeric(18, 4)), CAST(0.0000 AS Numeric(18, 4)), CAST(0.0000 AS Numeric(18, 4)), CAST(0.0000 AS Numeric(18, 4)), CAST(0.0000 AS Numeric(18, 4)), CAST(0.0000 AS Numeric(18, 4)), CAST(0.0000 AS Numeric(18, 4)), CAST(0.0000 AS Numeric(18, 4)), CAST(0.0000 AS Numeric(18, 4)), CAST(0.0000 AS Numeric(18, 4)), CAST(0.0000 AS Numeric(18, 4)), CAST(0.0000 AS Numeric(18, 4)), CAST(0.0000 AS Numeric(18, 4)), CAST(0.0000 AS Numeric(18, 4)), CAST(0.0000 AS Numeric(18, 4)), CAST(0.0000 AS Numeric(18, 4)), CAST(0.0000 AS Numeric(18, 4)), CAST(0.0000 AS Numeric(18, 4)), CAST(0.0000 AS Numeric(18, 4)), CAST(0.0000 AS Numeric(18, 4)), CAST(0.0000 AS Numeric(18, 4)), CAST(0.0000 AS Numeric(18, 4)), CAST(0.0000 AS Numeric(18, 4)), CAST(0.0000 AS Numeric(18, 4)), CAST(0.0000 AS Numeric(18, 4)), CAST(0.0000 AS Numeric(18, 4)), CAST(0.0000 AS Numeric(18, 4)), CAST(0.0000 AS Numeric(18, 4)), CAST(0.0000 AS Numeric(18, 4)), CAST(0.0000 AS Numeric(18, 4)), CAST(0.0000 AS Numeric(18, 4)), CAST(0.0000 AS Numeric(18, 4)), CAST(0.0000 AS Numeric(18, 4)), CAST(0.0000 AS Numeric(18, 4)), CAST(0.0000 AS Numeric(18, 4)), CAST(0.0000 AS Numeric(18, 4)), CAST(0.0000 AS Numeric(18, 4)), CAST(0.0000 AS Numeric(18, 4)), CAST(0.0000 AS Numeric(18, 4)), N'2019/2020', N'BANCH00000000000000129032013        ', N'ISSYS0210001000000000229032013', NULL, 125, CAST(N'2019-04-01 00:00:00.000' AS DateTime), N'INUSR0010001000000000129032013      ', NULL, NULL)
INSERT [dbo].[CCOA] ([ID], [ACNAME], [COAID], [ACCRUED], [BF], [OBAL], [HOBAL], [CBAL], [M1], [M2], [M3], [M4], [M5], [M6], [M7], [M8], [M9], [M10], [M11], [M12], [M13], [MSRC1], [MSRC2], [MSRC3], [MSRC4], [MSRC5], [MSRC6], [MSRC7], [MSRC8], [MSRC9], [MSRC10], [MSRC11], [MSRC12], [MSRC13], [BF1], [BF2], [BF3], [BF4], [BF5], [BF6], [BF7], [BF8], [BF9], [BF10], [BF11], [BF12], [BF13], [BFSRC1], [BFSRC2], [BFSRC3], [BFSRC4], [BFSRC5], [BFSRC6], [BFSRC7], [BFSRC8], [BFSRC9], [BFSRC10], [BFSRC11], [BFSRC12], [BFSRC13], [MREV1], [MREV2], [MREV3], [MREV4], [MREV5], [MREV6], [MREV7], [MREV8], [MREV9], [MREV10], [MREV11], [MREV12], [MREV13], [LYMSRC1], [LYMSRC2], [LYMSRC3], [LYMSRC4], [LYMSRC5], [LYMSRC6], [LYMSRC7], [LYMSRC8], [LYMSRC9], [LYMSRC10], [LYMSRC11], [LYMSRC12], [LYMSRC13], [SCCRBAL], [BUDGET], [BRANCHID], [CURRENCYID], [DEPARTMENTID], [VERSION], [CREATEDDATE], [CREATEDUSERID], [UPDATEDDATE], [UPDATEDUSERID]) VALUES (N'ISCCOA001000000019501042019'         , N'GovernmentShortTerm Endowment Life Premium Income', N'ISCOA001000000050001042019          ', CAST(0.0000 AS Numeric(18, 4)), CAST(0.0000 AS Numeric(18, 4)), CAST(0.0000 AS Numeric(18, 4)), CAST(0.0000 AS Numeric(18, 4)), CAST(0.0000 AS Numeric(18, 4)), CAST(0.0000 AS Numeric(18, 4)), CAST(0.0000 AS Numeric(18, 4)), CAST(0.0000 AS Numeric(18, 4)), CAST(0.0000 AS Numeric(18, 4)), CAST(0.0000 AS Numeric(18, 4)), CAST(0.0000 AS Numeric(18, 4)), CAST(0.0000 AS Numeric(18, 4)), CAST(0.0000 AS Numeric(18, 4)), CAST(0.0000 AS Numeric(18, 4)), CAST(0.0000 AS Numeric(18, 4)), CAST(0.0000 AS Numeric(18, 4)), CAST(0.0000 AS Numeric(18, 4)), CAST(0.0000 AS Numeric(18, 4)), CAST(0.0000 AS Numeric(18, 4)), CAST(0.0000 AS Numeric(18, 4)), CAST(0.0000 AS Numeric(18, 4)), CAST(0.0000 AS Numeric(18, 4)), CAST(0.0000 AS Numeric(18, 4)), CAST(0.0000 AS Numeric(18, 4)), CAST(0.0000 AS Numeric(18, 4)), CAST(0.0000 AS Numeric(18, 4)), CAST(0.0000 AS Numeric(18, 4)), CAST(0.0000 AS Numeric(18, 4)), CAST(0.0000 AS Numeric(18, 4)), CAST(0.0000 AS Numeric(18, 4)), CAST(0.0000 AS Numeric(18, 4)), CAST(0.0000 AS Numeric(18, 4)), CAST(0.0000 AS Numeric(18, 4)), CAST(0.0000 AS Numeric(18, 4)), CAST(0.0000 AS Numeric(18, 4)), CAST(0.0000 AS Numeric(18, 4)), CAST(0.0000 AS Numeric(18, 4)), CAST(0.0000 AS Numeric(18, 4)), CAST(0.0000 AS Numeric(18, 4)), CAST(0.0000 AS Numeric(18, 4)), CAST(0.0000 AS Numeric(18, 4)), CAST(0.0000 AS Numeric(18, 4)), CAST(0.0000 AS Numeric(18, 4)), CAST(0.0000 AS Numeric(18, 4)), CAST(0.0000 AS Numeric(18, 4)), CAST(0.0000 AS Numeric(18, 4)), CAST(0.0000 AS Numeric(18, 4)), CAST(0.0000 AS Numeric(18, 4)), CAST(0.0000 AS Numeric(18, 4)), CAST(0.0000 AS Numeric(18, 4)), CAST(0.0000 AS Numeric(18, 4)), CAST(0.0000 AS Numeric(18, 4)), CAST(0.0000 AS Numeric(18, 4)), CAST(0.0000 AS Numeric(18, 4)), CAST(0.0000 AS Numeric(18, 4)), CAST(0.0000 AS Numeric(18, 4)), CAST(0.0000 AS Numeric(18, 4)), CAST(0.0000 AS Numeric(18, 4)), CAST(0.0000 AS Numeric(18, 4)), CAST(0.0000 AS Numeric(18, 4)), CAST(0.0000 AS Numeric(18, 4)), CAST(0.0000 AS Numeric(18, 4)), CAST(0.0000 AS Numeric(18, 4)), CAST(0.0000 AS Numeric(18, 4)), CAST(0.0000 AS Numeric(18, 4)), CAST(0.0000 AS Numeric(18, 4)), CAST(0.0000 AS Numeric(18, 4)), CAST(0.0000 AS Numeric(18, 4)), CAST(0.0000 AS Numeric(18, 4)), CAST(0.0000 AS Numeric(18, 4)), CAST(0.0000 AS Numeric(18, 4)), CAST(0.0000 AS Numeric(18, 4)), CAST(0.0000 AS Numeric(18, 4)), CAST(0.0000 AS Numeric(18, 4)), CAST(0.0000 AS Numeric(18, 4)), CAST(0.0000 AS Numeric(18, 4)), CAST(0.0000 AS Numeric(18, 4)), CAST(0.0000 AS Numeric(18, 4)), CAST(0.0000 AS Numeric(18, 4)), CAST(0.0000 AS Numeric(18, 4)), CAST(0.0000 AS Numeric(18, 4)), CAST(0.0000 AS Numeric(18, 4)), CAST(0.0000 AS Numeric(18, 4)), CAST(0.0000 AS Numeric(18, 4)), N'2019/2020', N'BANCH00000000000000129032013        ', N'ISSYS0210001000000000129032013', NULL, 125, CAST(N'2019-04-01 00:00:00.000' AS DateTime), N'INUSR0010001000000000129032013      ', NULL, NULL)
INSERT [dbo].[CCOA] ([ID], [ACNAME], [COAID], [ACCRUED], [BF], [OBAL], [HOBAL], [CBAL], [M1], [M2], [M3], [M4], [M5], [M6], [M7], [M8], [M9], [M10], [M11], [M12], [M13], [MSRC1], [MSRC2], [MSRC3], [MSRC4], [MSRC5], [MSRC6], [MSRC7], [MSRC8], [MSRC9], [MSRC10], [MSRC11], [MSRC12], [MSRC13], [BF1], [BF2], [BF3], [BF4], [BF5], [BF6], [BF7], [BF8], [BF9], [BF10], [BF11], [BF12], [BF13], [BFSRC1], [BFSRC2], [BFSRC3], [BFSRC4], [BFSRC5], [BFSRC6], [BFSRC7], [BFSRC8], [BFSRC9], [BFSRC10], [BFSRC11], [BFSRC12], [BFSRC13], [MREV1], [MREV2], [MREV3], [MREV4], [MREV5], [MREV6], [MREV7], [MREV8], [MREV9], [MREV10], [MREV11], [MREV12], [MREV13], [LYMSRC1], [LYMSRC2], [LYMSRC3], [LYMSRC4], [LYMSRC5], [LYMSRC6], [LYMSRC7], [LYMSRC8], [LYMSRC9], [LYMSRC10], [LYMSRC11], [LYMSRC12], [LYMSRC13], [SCCRBAL], [BUDGET], [BRANCHID], [CURRENCYID], [DEPARTMENTID], [VERSION], [CREATEDDATE], [CREATEDUSERID], [UPDATEDDATE], [UPDATEDUSERID]) VALUES (N'ISCCOA001000000019601042019'         , N'Accured Income : GovernmentShortTerm Life', N'ISCOA001000000050101042019          ', CAST(0.0000 AS Numeric(18, 4)), CAST(0.0000 AS Numeric(18, 4)), CAST(0.0000 AS Numeric(18, 4)), CAST(0.0000 AS Numeric(18, 4)), CAST(0.0000 AS Numeric(18, 4)), CAST(0.0000 AS Numeric(18, 4)), CAST(0.0000 AS Numeric(18, 4)), CAST(0.0000 AS Numeric(18, 4)), CAST(0.0000 AS Numeric(18, 4)), CAST(0.0000 AS Numeric(18, 4)), CAST(0.0000 AS Numeric(18, 4)), CAST(0.0000 AS Numeric(18, 4)), CAST(0.0000 AS Numeric(18, 4)), CAST(0.0000 AS Numeric(18, 4)), CAST(0.0000 AS Numeric(18, 4)), CAST(0.0000 AS Numeric(18, 4)), CAST(0.0000 AS Numeric(18, 4)), CAST(0.0000 AS Numeric(18, 4)), CAST(0.0000 AS Numeric(18, 4)), CAST(0.0000 AS Numeric(18, 4)), CAST(0.0000 AS Numeric(18, 4)), CAST(0.0000 AS Numeric(18, 4)), CAST(0.0000 AS Numeric(18, 4)), CAST(0.0000 AS Numeric(18, 4)), CAST(0.0000 AS Numeric(18, 4)), CAST(0.0000 AS Numeric(18, 4)), CAST(0.0000 AS Numeric(18, 4)), CAST(0.0000 AS Numeric(18, 4)), CAST(0.0000 AS Numeric(18, 4)), CAST(0.0000 AS Numeric(18, 4)), CAST(0.0000 AS Numeric(18, 4)), CAST(0.0000 AS Numeric(18, 4)), CAST(0.0000 AS Numeric(18, 4)), CAST(0.0000 AS Numeric(18, 4)), CAST(0.0000 AS Numeric(18, 4)), CAST(0.0000 AS Numeric(18, 4)), CAST(0.0000 AS Numeric(18, 4)), CAST(0.0000 AS Numeric(18, 4)), CAST(0.0000 AS Numeric(18, 4)), CAST(0.0000 AS Numeric(18, 4)), CAST(0.0000 AS Numeric(18, 4)), CAST(0.0000 AS Numeric(18, 4)), CAST(0.0000 AS Numeric(18, 4)), CAST(0.0000 AS Numeric(18, 4)), CAST(0.0000 AS Numeric(18, 4)), CAST(0.0000 AS Numeric(18, 4)), CAST(0.0000 AS Numeric(18, 4)), CAST(0.0000 AS Numeric(18, 4)), CAST(0.0000 AS Numeric(18, 4)), CAST(0.0000 AS Numeric(18, 4)), CAST(0.0000 AS Numeric(18, 4)), CAST(0.0000 AS Numeric(18, 4)), CAST(0.0000 AS Numeric(18, 4)), CAST(0.0000 AS Numeric(18, 4)), CAST(0.0000 AS Numeric(18, 4)), CAST(0.0000 AS Numeric(18, 4)), CAST(0.0000 AS Numeric(18, 4)), CAST(0.0000 AS Numeric(18, 4)), CAST(0.0000 AS Numeric(18, 4)), CAST(0.0000 AS Numeric(18, 4)), CAST(0.0000 AS Numeric(18, 4)), CAST(0.0000 AS Numeric(18, 4)), CAST(0.0000 AS Numeric(18, 4)), CAST(0.0000 AS Numeric(18, 4)), CAST(0.0000 AS Numeric(18, 4)), CAST(0.0000 AS Numeric(18, 4)), CAST(0.0000 AS Numeric(18, 4)), CAST(0.0000 AS Numeric(18, 4)), CAST(0.0000 AS Numeric(18, 4)), CAST(0.0000 AS Numeric(18, 4)), CAST(0.0000 AS Numeric(18, 4)), CAST(0.0000 AS Numeric(18, 4)), CAST(0.0000 AS Numeric(18, 4)), CAST(0.0000 AS Numeric(18, 4)), CAST(0.0000 AS Numeric(18, 4)), CAST(0.0000 AS Numeric(18, 4)), CAST(0.0000 AS Numeric(18, 4)), CAST(0.0000 AS Numeric(18, 4)), CAST(0.0000 AS Numeric(18, 4)), CAST(0.0000 AS Numeric(18, 4)), CAST(0.0000 AS Numeric(18, 4)), CAST(0.0000 AS Numeric(18, 4)), CAST(0.0000 AS Numeric(18, 4)), CAST(0.0000 AS Numeric(18, 4)), N'2019/2020', N'BANCH00000000000000129032013        ', N'ISSYS0210001000000000229032013      ', NULL, 125, CAST(N'2019-04-01 00:00:00.000' AS DateTime), N'INUSR0010001000000000129032013      ', NULL, NULL)
INSERT [dbo].[CCOA] ([ID], [ACNAME], [COAID], [ACCRUED], [BF], [OBAL], [HOBAL], [CBAL], [M1], [M2], [M3], [M4], [M5], [M6], [M7], [M8], [M9], [M10], [M11], [M12], [M13], [MSRC1], [MSRC2], [MSRC3], [MSRC4], [MSRC5], [MSRC6], [MSRC7], [MSRC8], [MSRC9], [MSRC10], [MSRC11], [MSRC12], [MSRC13], [BF1], [BF2], [BF3], [BF4], [BF5], [BF6], [BF7], [BF8], [BF9], [BF10], [BF11], [BF12], [BF13], [BFSRC1], [BFSRC2], [BFSRC3], [BFSRC4], [BFSRC5], [BFSRC6], [BFSRC7], [BFSRC8], [BFSRC9], [BFSRC10], [BFSRC11], [BFSRC12], [BFSRC13], [MREV1], [MREV2], [MREV3], [MREV4], [MREV5], [MREV6], [MREV7], [MREV8], [MREV9], [MREV10], [MREV11], [MREV12], [MREV13], [LYMSRC1], [LYMSRC2], [LYMSRC3], [LYMSRC4], [LYMSRC5], [LYMSRC6], [LYMSRC7], [LYMSRC8], [LYMSRC9], [LYMSRC10], [LYMSRC11], [LYMSRC12], [LYMSRC13], [SCCRBAL], [BUDGET], [BRANCHID], [CURRENCYID], [DEPARTMENTID], [VERSION], [CREATEDDATE], [CREATEDUSERID], [UPDATEDDATE], [UPDATEDUSERID]) VALUES (N'ISCCOA001000000019701042019'         , N'Accured Income : GovernmentShortTerm Life', N'ISCOA001000000050101042019          ', CAST(0.0000 AS Numeric(18, 4)), CAST(0.0000 AS Numeric(18, 4)), CAST(0.0000 AS Numeric(18, 4)), CAST(0.0000 AS Numeric(18, 4)), CAST(0.0000 AS Numeric(18, 4)), CAST(0.0000 AS Numeric(18, 4)), CAST(0.0000 AS Numeric(18, 4)), CAST(0.0000 AS Numeric(18, 4)), CAST(0.0000 AS Numeric(18, 4)), CAST(0.0000 AS Numeric(18, 4)), CAST(0.0000 AS Numeric(18, 4)), CAST(0.0000 AS Numeric(18, 4)), CAST(0.0000 AS Numeric(18, 4)), CAST(0.0000 AS Numeric(18, 4)), CAST(0.0000 AS Numeric(18, 4)), CAST(0.0000 AS Numeric(18, 4)), CAST(0.0000 AS Numeric(18, 4)), CAST(0.0000 AS Numeric(18, 4)), CAST(0.0000 AS Numeric(18, 4)), CAST(0.0000 AS Numeric(18, 4)), CAST(0.0000 AS Numeric(18, 4)), CAST(0.0000 AS Numeric(18, 4)), CAST(0.0000 AS Numeric(18, 4)), CAST(0.0000 AS Numeric(18, 4)), CAST(0.0000 AS Numeric(18, 4)), CAST(0.0000 AS Numeric(18, 4)), CAST(0.0000 AS Numeric(18, 4)), CAST(0.0000 AS Numeric(18, 4)), CAST(0.0000 AS Numeric(18, 4)), CAST(0.0000 AS Numeric(18, 4)), CAST(0.0000 AS Numeric(18, 4)), CAST(0.0000 AS Numeric(18, 4)), CAST(0.0000 AS Numeric(18, 4)), CAST(0.0000 AS Numeric(18, 4)), CAST(0.0000 AS Numeric(18, 4)), CAST(0.0000 AS Numeric(18, 4)), CAST(0.0000 AS Numeric(18, 4)), CAST(0.0000 AS Numeric(18, 4)), CAST(0.0000 AS Numeric(18, 4)), CAST(0.0000 AS Numeric(18, 4)), CAST(0.0000 AS Numeric(18, 4)), CAST(0.0000 AS Numeric(18, 4)), CAST(0.0000 AS Numeric(18, 4)), CAST(0.0000 AS Numeric(18, 4)), CAST(0.0000 AS Numeric(18, 4)), CAST(0.0000 AS Numeric(18, 4)), CAST(0.0000 AS Numeric(18, 4)), CAST(0.0000 AS Numeric(18, 4)), CAST(0.0000 AS Numeric(18, 4)), CAST(0.0000 AS Numeric(18, 4)), CAST(0.0000 AS Numeric(18, 4)), CAST(0.0000 AS Numeric(18, 4)), CAST(0.0000 AS Numeric(18, 4)), CAST(0.0000 AS Numeric(18, 4)), CAST(0.0000 AS Numeric(18, 4)), CAST(0.0000 AS Numeric(18, 4)), CAST(0.0000 AS Numeric(18, 4)), CAST(0.0000 AS Numeric(18, 4)), CAST(0.0000 AS Numeric(18, 4)), CAST(0.0000 AS Numeric(18, 4)), CAST(0.0000 AS Numeric(18, 4)), CAST(0.0000 AS Numeric(18, 4)), CAST(0.0000 AS Numeric(18, 4)), CAST(0.0000 AS Numeric(18, 4)), CAST(0.0000 AS Numeric(18, 4)), CAST(0.0000 AS Numeric(18, 4)), CAST(0.0000 AS Numeric(18, 4)), CAST(0.0000 AS Numeric(18, 4)), CAST(0.0000 AS Numeric(18, 4)), CAST(0.0000 AS Numeric(18, 4)), CAST(0.0000 AS Numeric(18, 4)), CAST(0.0000 AS Numeric(18, 4)), CAST(0.0000 AS Numeric(18, 4)), CAST(0.0000 AS Numeric(18, 4)), CAST(0.0000 AS Numeric(18, 4)), CAST(0.0000 AS Numeric(18, 4)), CAST(0.0000 AS Numeric(18, 4)), CAST(0.0000 AS Numeric(18, 4)), CAST(0.0000 AS Numeric(18, 4)), CAST(0.0000 AS Numeric(18, 4)), CAST(0.0000 AS Numeric(18, 4)), CAST(0.0000 AS Numeric(18, 4)), CAST(0.0000 AS Numeric(18, 4)), CAST(0.0000 AS Numeric(18, 4)), N'2019/2020', N'BANCH00000000000000129032013        ', N'ISSYS0210001000000000129032013', NULL, 125, CAST(N'2019-04-01 00:00:00.000' AS DateTime), N'INUSR0010001000000000129032013      ', NULL, NULL)
INSERT [dbo].[CCOA] ([ID], [ACNAME], [COAID], [ACCRUED], [BF], [OBAL], [HOBAL], [CBAL], [M1], [M2], [M3], [M4], [M5], [M6], [M7], [M8], [M9], [M10], [M11], [M12], [M13], [MSRC1], [MSRC2], [MSRC3], [MSRC4], [MSRC5], [MSRC6], [MSRC7], [MSRC8], [MSRC9], [MSRC10], [MSRC11], [MSRC12], [MSRC13], [BF1], [BF2], [BF3], [BF4], [BF5], [BF6], [BF7], [BF8], [BF9], [BF10], [BF11], [BF12], [BF13], [BFSRC1], [BFSRC2], [BFSRC3], [BFSRC4], [BFSRC5], [BFSRC6], [BFSRC7], [BFSRC8], [BFSRC9], [BFSRC10], [BFSRC11], [BFSRC12], [BFSRC13], [MREV1], [MREV2], [MREV3], [MREV4], [MREV5], [MREV6], [MREV7], [MREV8], [MREV9], [MREV10], [MREV11], [MREV12], [MREV13], [LYMSRC1], [LYMSRC2], [LYMSRC3], [LYMSRC4], [LYMSRC5], [LYMSRC6], [LYMSRC7], [LYMSRC8], [LYMSRC9], [LYMSRC10], [LYMSRC11], [LYMSRC12], [LYMSRC13], [SCCRBAL], [BUDGET], [BRANCHID], [CURRENCYID], [DEPARTMENTID], [VERSION], [CREATEDDATE], [CREATEDUSERID], [UPDATEDDATE], [UPDATEDUSERID]) VALUES (N'ISCCOA001000000019801042019'         , N'Agent Com; GovernmentShortTerm Endo Life', N'ISCOA001000000050201042019          ', CAST(0.0000 AS Numeric(18, 4)), CAST(0.0000 AS Numeric(18, 4)), CAST(0.0000 AS Numeric(18, 4)), CAST(0.0000 AS Numeric(18, 4)), CAST(0.0000 AS Numeric(18, 4)), CAST(0.0000 AS Numeric(18, 4)), CAST(0.0000 AS Numeric(18, 4)), CAST(0.0000 AS Numeric(18, 4)), CAST(0.0000 AS Numeric(18, 4)), CAST(0.0000 AS Numeric(18, 4)), CAST(0.0000 AS Numeric(18, 4)), CAST(0.0000 AS Numeric(18, 4)), CAST(0.0000 AS Numeric(18, 4)), CAST(0.0000 AS Numeric(18, 4)), CAST(0.0000 AS Numeric(18, 4)), CAST(0.0000 AS Numeric(18, 4)), CAST(0.0000 AS Numeric(18, 4)), CAST(0.0000 AS Numeric(18, 4)), CAST(0.0000 AS Numeric(18, 4)), CAST(0.0000 AS Numeric(18, 4)), CAST(0.0000 AS Numeric(18, 4)), CAST(0.0000 AS Numeric(18, 4)), CAST(0.0000 AS Numeric(18, 4)), CAST(0.0000 AS Numeric(18, 4)), CAST(0.0000 AS Numeric(18, 4)), CAST(0.0000 AS Numeric(18, 4)), CAST(0.0000 AS Numeric(18, 4)), CAST(0.0000 AS Numeric(18, 4)), CAST(0.0000 AS Numeric(18, 4)), CAST(0.0000 AS Numeric(18, 4)), CAST(0.0000 AS Numeric(18, 4)), CAST(0.0000 AS Numeric(18, 4)), CAST(0.0000 AS Numeric(18, 4)), CAST(0.0000 AS Numeric(18, 4)), CAST(0.0000 AS Numeric(18, 4)), CAST(0.0000 AS Numeric(18, 4)), CAST(0.0000 AS Numeric(18, 4)), CAST(0.0000 AS Numeric(18, 4)), CAST(0.0000 AS Numeric(18, 4)), CAST(0.0000 AS Numeric(18, 4)), CAST(0.0000 AS Numeric(18, 4)), CAST(0.0000 AS Numeric(18, 4)), CAST(0.0000 AS Numeric(18, 4)), CAST(0.0000 AS Numeric(18, 4)), CAST(0.0000 AS Numeric(18, 4)), CAST(0.0000 AS Numeric(18, 4)), CAST(0.0000 AS Numeric(18, 4)), CAST(0.0000 AS Numeric(18, 4)), CAST(0.0000 AS Numeric(18, 4)), CAST(0.0000 AS Numeric(18, 4)), CAST(0.0000 AS Numeric(18, 4)), CAST(0.0000 AS Numeric(18, 4)), CAST(0.0000 AS Numeric(18, 4)), CAST(0.0000 AS Numeric(18, 4)), CAST(0.0000 AS Numeric(18, 4)), CAST(0.0000 AS Numeric(18, 4)), CAST(0.0000 AS Numeric(18, 4)), CAST(0.0000 AS Numeric(18, 4)), CAST(0.0000 AS Numeric(18, 4)), CAST(0.0000 AS Numeric(18, 4)), CAST(0.0000 AS Numeric(18, 4)), CAST(0.0000 AS Numeric(18, 4)), CAST(0.0000 AS Numeric(18, 4)), CAST(0.0000 AS Numeric(18, 4)), CAST(0.0000 AS Numeric(18, 4)), CAST(0.0000 AS Numeric(18, 4)), CAST(0.0000 AS Numeric(18, 4)), CAST(0.0000 AS Numeric(18, 4)), CAST(0.0000 AS Numeric(18, 4)), CAST(0.0000 AS Numeric(18, 4)), CAST(0.0000 AS Numeric(18, 4)), CAST(0.0000 AS Numeric(18, 4)), CAST(0.0000 AS Numeric(18, 4)), CAST(0.0000 AS Numeric(18, 4)), CAST(0.0000 AS Numeric(18, 4)), CAST(0.0000 AS Numeric(18, 4)), CAST(0.0000 AS Numeric(18, 4)), CAST(0.0000 AS Numeric(18, 4)), CAST(0.0000 AS Numeric(18, 4)), CAST(0.0000 AS Numeric(18, 4)), CAST(0.0000 AS Numeric(18, 4)), CAST(0.0000 AS Numeric(18, 4)), CAST(0.0000 AS Numeric(18, 4)), CAST(0.0000 AS Numeric(18, 4)), N'2019/2020', N'BANCH00000000000000129032013        ', N'ISSYS0210001000000000229032013      ', NULL, 125, CAST(N'2019-04-01 00:00:00.000' AS DateTime), N'INUSR0010001000000000129032013      ',NULL, NULL)
INSERT [dbo].[CCOA] ([ID], [ACNAME], [COAID], [ACCRUED], [BF], [OBAL], [HOBAL], [CBAL], [M1], [M2], [M3], [M4], [M5], [M6], [M7], [M8], [M9], [M10], [M11], [M12], [M13], [MSRC1], [MSRC2], [MSRC3], [MSRC4], [MSRC5], [MSRC6], [MSRC7], [MSRC8], [MSRC9], [MSRC10], [MSRC11], [MSRC12], [MSRC13], [BF1], [BF2], [BF3], [BF4], [BF5], [BF6], [BF7], [BF8], [BF9], [BF10], [BF11], [BF12], [BF13], [BFSRC1], [BFSRC2], [BFSRC3], [BFSRC4], [BFSRC5], [BFSRC6], [BFSRC7], [BFSRC8], [BFSRC9], [BFSRC10], [BFSRC11], [BFSRC12], [BFSRC13], [MREV1], [MREV2], [MREV3], [MREV4], [MREV5], [MREV6], [MREV7], [MREV8], [MREV9], [MREV10], [MREV11], [MREV12], [MREV13], [LYMSRC1], [LYMSRC2], [LYMSRC3], [LYMSRC4], [LYMSRC5], [LYMSRC6], [LYMSRC7], [LYMSRC8], [LYMSRC9], [LYMSRC10], [LYMSRC11], [LYMSRC12], [LYMSRC13], [SCCRBAL], [BUDGET], [BRANCHID], [CURRENCYID], [DEPARTMENTID], [VERSION], [CREATEDDATE], [CREATEDUSERID], [UPDATEDDATE], [UPDATEDUSERID]) VALUES (N'ISCCOA001000000019901042019'         , N'Agent Com; GovernmentShortTerm Endo Life', N'ISCOA001000000050201042019          ', CAST(0.0000 AS Numeric(18, 4)), CAST(0.0000 AS Numeric(18, 4)), CAST(0.0000 AS Numeric(18, 4)), CAST(0.0000 AS Numeric(18, 4)), CAST(0.0000 AS Numeric(18, 4)), CAST(0.0000 AS Numeric(18, 4)), CAST(0.0000 AS Numeric(18, 4)), CAST(0.0000 AS Numeric(18, 4)), CAST(0.0000 AS Numeric(18, 4)), CAST(0.0000 AS Numeric(18, 4)), CAST(0.0000 AS Numeric(18, 4)), CAST(0.0000 AS Numeric(18, 4)), CAST(0.0000 AS Numeric(18, 4)), CAST(0.0000 AS Numeric(18, 4)), CAST(0.0000 AS Numeric(18, 4)), CAST(0.0000 AS Numeric(18, 4)), CAST(0.0000 AS Numeric(18, 4)), CAST(0.0000 AS Numeric(18, 4)), CAST(0.0000 AS Numeric(18, 4)), CAST(0.0000 AS Numeric(18, 4)), CAST(0.0000 AS Numeric(18, 4)), CAST(0.0000 AS Numeric(18, 4)), CAST(0.0000 AS Numeric(18, 4)), CAST(0.0000 AS Numeric(18, 4)), CAST(0.0000 AS Numeric(18, 4)), CAST(0.0000 AS Numeric(18, 4)), CAST(0.0000 AS Numeric(18, 4)), CAST(0.0000 AS Numeric(18, 4)), CAST(0.0000 AS Numeric(18, 4)), CAST(0.0000 AS Numeric(18, 4)), CAST(0.0000 AS Numeric(18, 4)), CAST(0.0000 AS Numeric(18, 4)), CAST(0.0000 AS Numeric(18, 4)), CAST(0.0000 AS Numeric(18, 4)), CAST(0.0000 AS Numeric(18, 4)), CAST(0.0000 AS Numeric(18, 4)), CAST(0.0000 AS Numeric(18, 4)), CAST(0.0000 AS Numeric(18, 4)), CAST(0.0000 AS Numeric(18, 4)), CAST(0.0000 AS Numeric(18, 4)), CAST(0.0000 AS Numeric(18, 4)), CAST(0.0000 AS Numeric(18, 4)), CAST(0.0000 AS Numeric(18, 4)), CAST(0.0000 AS Numeric(18, 4)), CAST(0.0000 AS Numeric(18, 4)), CAST(0.0000 AS Numeric(18, 4)), CAST(0.0000 AS Numeric(18, 4)), CAST(0.0000 AS Numeric(18, 4)), CAST(0.0000 AS Numeric(18, 4)), CAST(0.0000 AS Numeric(18, 4)), CAST(0.0000 AS Numeric(18, 4)), CAST(0.0000 AS Numeric(18, 4)), CAST(0.0000 AS Numeric(18, 4)), CAST(0.0000 AS Numeric(18, 4)), CAST(0.0000 AS Numeric(18, 4)), CAST(0.0000 AS Numeric(18, 4)), CAST(0.0000 AS Numeric(18, 4)), CAST(0.0000 AS Numeric(18, 4)), CAST(0.0000 AS Numeric(18, 4)), CAST(0.0000 AS Numeric(18, 4)), CAST(0.0000 AS Numeric(18, 4)), CAST(0.0000 AS Numeric(18, 4)), CAST(0.0000 AS Numeric(18, 4)), CAST(0.0000 AS Numeric(18, 4)), CAST(0.0000 AS Numeric(18, 4)), CAST(0.0000 AS Numeric(18, 4)), CAST(0.0000 AS Numeric(18, 4)), CAST(0.0000 AS Numeric(18, 4)), CAST(0.0000 AS Numeric(18, 4)), CAST(0.0000 AS Numeric(18, 4)), CAST(0.0000 AS Numeric(18, 4)), CAST(0.0000 AS Numeric(18, 4)), CAST(0.0000 AS Numeric(18, 4)), CAST(0.0000 AS Numeric(18, 4)), CAST(0.0000 AS Numeric(18, 4)), CAST(0.0000 AS Numeric(18, 4)), CAST(0.0000 AS Numeric(18, 4)), CAST(0.0000 AS Numeric(18, 4)), CAST(0.0000 AS Numeric(18, 4)), CAST(0.0000 AS Numeric(18, 4)), CAST(0.0000 AS Numeric(18, 4)), CAST(0.0000 AS Numeric(18, 4)), CAST(0.0000 AS Numeric(18, 4)), CAST(0.0000 AS Numeric(18, 4)), N'2019/2020', N'BANCH00000000000000129032013        ', N'ISSYS0210001000000000129032013', NULL, 125, CAST(N'2019-04-01 00:00:00.000' AS DateTime), N'INUSR0010001000000000129032013      ', NULL, NULL)
INSERT [dbo].[CCOA] ([ID], [ACNAME], [COAID], [ACCRUED], [BF], [OBAL], [HOBAL], [CBAL], [M1], [M2], [M3], [M4], [M5], [M6], [M7], [M8], [M9], [M10], [M11], [M12], [M13], [MSRC1], [MSRC2], [MSRC3], [MSRC4], [MSRC5], [MSRC6], [MSRC7], [MSRC8], [MSRC9], [MSRC10], [MSRC11], [MSRC12], [MSRC13], [BF1], [BF2], [BF3], [BF4], [BF5], [BF6], [BF7], [BF8], [BF9], [BF10], [BF11], [BF12], [BF13], [BFSRC1], [BFSRC2], [BFSRC3], [BFSRC4], [BFSRC5], [BFSRC6], [BFSRC7], [BFSRC8], [BFSRC9], [BFSRC10], [BFSRC11], [BFSRC12], [BFSRC13], [MREV1], [MREV2], [MREV3], [MREV4], [MREV5], [MREV6], [MREV7], [MREV8], [MREV9], [MREV10], [MREV11], [MREV12], [MREV13], [LYMSRC1], [LYMSRC2], [LYMSRC3], [LYMSRC4], [LYMSRC5], [LYMSRC6], [LYMSRC7], [LYMSRC8], [LYMSRC9], [LYMSRC10], [LYMSRC11], [LYMSRC12], [LYMSRC13], [SCCRBAL], [BUDGET], [BRANCHID], [CURRENCYID], [DEPARTMENTID], [VERSION], [CREATEDDATE], [CREATEDUSERID], [UPDATEDDATE], [UPDATEDUSERID]) VALUES (N'ISCCOA001000000020001042019'         , N'Payable Commis : GovernmentShortTerm Life', N'ISCOA001000000050301042019          ', CAST(0.0000 AS Numeric(18, 4)), CAST(0.0000 AS Numeric(18, 4)), CAST(0.0000 AS Numeric(18, 4)), CAST(0.0000 AS Numeric(18, 4)), CAST(0.0000 AS Numeric(18, 4)), CAST(0.0000 AS Numeric(18, 4)), CAST(0.0000 AS Numeric(18, 4)), CAST(0.0000 AS Numeric(18, 4)), CAST(0.0000 AS Numeric(18, 4)), CAST(0.0000 AS Numeric(18, 4)), CAST(0.0000 AS Numeric(18, 4)), CAST(0.0000 AS Numeric(18, 4)), CAST(0.0000 AS Numeric(18, 4)), CAST(0.0000 AS Numeric(18, 4)), CAST(0.0000 AS Numeric(18, 4)), CAST(0.0000 AS Numeric(18, 4)), CAST(0.0000 AS Numeric(18, 4)), CAST(0.0000 AS Numeric(18, 4)), CAST(0.0000 AS Numeric(18, 4)), CAST(0.0000 AS Numeric(18, 4)), CAST(0.0000 AS Numeric(18, 4)), CAST(0.0000 AS Numeric(18, 4)), CAST(0.0000 AS Numeric(18, 4)), CAST(0.0000 AS Numeric(18, 4)), CAST(0.0000 AS Numeric(18, 4)), CAST(0.0000 AS Numeric(18, 4)), CAST(0.0000 AS Numeric(18, 4)), CAST(0.0000 AS Numeric(18, 4)), CAST(0.0000 AS Numeric(18, 4)), CAST(0.0000 AS Numeric(18, 4)), CAST(0.0000 AS Numeric(18, 4)), CAST(0.0000 AS Numeric(18, 4)), CAST(0.0000 AS Numeric(18, 4)), CAST(0.0000 AS Numeric(18, 4)), CAST(0.0000 AS Numeric(18, 4)), CAST(0.0000 AS Numeric(18, 4)), CAST(0.0000 AS Numeric(18, 4)), CAST(0.0000 AS Numeric(18, 4)), CAST(0.0000 AS Numeric(18, 4)), CAST(0.0000 AS Numeric(18, 4)), CAST(0.0000 AS Numeric(18, 4)), CAST(0.0000 AS Numeric(18, 4)), CAST(0.0000 AS Numeric(18, 4)), CAST(0.0000 AS Numeric(18, 4)), CAST(0.0000 AS Numeric(18, 4)), CAST(0.0000 AS Numeric(18, 4)), CAST(0.0000 AS Numeric(18, 4)), CAST(0.0000 AS Numeric(18, 4)), CAST(0.0000 AS Numeric(18, 4)), CAST(0.0000 AS Numeric(18, 4)), CAST(0.0000 AS Numeric(18, 4)), CAST(0.0000 AS Numeric(18, 4)), CAST(0.0000 AS Numeric(18, 4)), CAST(0.0000 AS Numeric(18, 4)), CAST(0.0000 AS Numeric(18, 4)), CAST(0.0000 AS Numeric(18, 4)), CAST(0.0000 AS Numeric(18, 4)), CAST(0.0000 AS Numeric(18, 4)), CAST(0.0000 AS Numeric(18, 4)), CAST(0.0000 AS Numeric(18, 4)), CAST(0.0000 AS Numeric(18, 4)), CAST(0.0000 AS Numeric(18, 4)), CAST(0.0000 AS Numeric(18, 4)), CAST(0.0000 AS Numeric(18, 4)), CAST(0.0000 AS Numeric(18, 4)), CAST(0.0000 AS Numeric(18, 4)), CAST(0.0000 AS Numeric(18, 4)), CAST(0.0000 AS Numeric(18, 4)), CAST(0.0000 AS Numeric(18, 4)), CAST(0.0000 AS Numeric(18, 4)), CAST(0.0000 AS Numeric(18, 4)), CAST(0.0000 AS Numeric(18, 4)), CAST(0.0000 AS Numeric(18, 4)), CAST(0.0000 AS Numeric(18, 4)), CAST(0.0000 AS Numeric(18, 4)), CAST(0.0000 AS Numeric(18, 4)), CAST(0.0000 AS Numeric(18, 4)), CAST(0.0000 AS Numeric(18, 4)), CAST(0.0000 AS Numeric(18, 4)), CAST(0.0000 AS Numeric(18, 4)), CAST(0.0000 AS Numeric(18, 4)), CAST(0.0000 AS Numeric(18, 4)), CAST(0.0000 AS Numeric(18, 4)), CAST(0.0000 AS Numeric(18, 4)), N'2019/2020', N'BANCH00000000000000129032013        ', N'ISSYS0210001000000000229032013      ', NULL, 125, CAST(N'2019-04-01 00:00:00.000' AS DateTime), N'INUSR0010001000000000129032013      ',NULL, NULL)
INSERT [dbo].[CCOA] ([ID], [ACNAME], [COAID], [ACCRUED], [BF], [OBAL], [HOBAL], [CBAL], [M1], [M2], [M3], [M4], [M5], [M6], [M7], [M8], [M9], [M10], [M11], [M12], [M13], [MSRC1], [MSRC2], [MSRC3], [MSRC4], [MSRC5], [MSRC6], [MSRC7], [MSRC8], [MSRC9], [MSRC10], [MSRC11], [MSRC12], [MSRC13], [BF1], [BF2], [BF3], [BF4], [BF5], [BF6], [BF7], [BF8], [BF9], [BF10], [BF11], [BF12], [BF13], [BFSRC1], [BFSRC2], [BFSRC3], [BFSRC4], [BFSRC5], [BFSRC6], [BFSRC7], [BFSRC8], [BFSRC9], [BFSRC10], [BFSRC11], [BFSRC12], [BFSRC13], [MREV1], [MREV2], [MREV3], [MREV4], [MREV5], [MREV6], [MREV7], [MREV8], [MREV9], [MREV10], [MREV11], [MREV12], [MREV13], [LYMSRC1], [LYMSRC2], [LYMSRC3], [LYMSRC4], [LYMSRC5], [LYMSRC6], [LYMSRC7], [LYMSRC8], [LYMSRC9], [LYMSRC10], [LYMSRC11], [LYMSRC12], [LYMSRC13], [SCCRBAL], [BUDGET], [BRANCHID], [CURRENCYID], [DEPARTMENTID], [VERSION], [CREATEDDATE], [CREATEDUSERID], [UPDATEDDATE], [UPDATEDUSERID]) VALUES (N'ISCCOA001000000020101042019'         , N'Payable Commis : GovernmentShortTerm Life', N'ISCOA001000000050301042019          ', CAST(0.0000 AS Numeric(18, 4)), CAST(0.0000 AS Numeric(18, 4)), CAST(0.0000 AS Numeric(18, 4)), CAST(0.0000 AS Numeric(18, 4)), CAST(0.0000 AS Numeric(18, 4)), CAST(0.0000 AS Numeric(18, 4)), CAST(0.0000 AS Numeric(18, 4)), CAST(0.0000 AS Numeric(18, 4)), CAST(0.0000 AS Numeric(18, 4)), CAST(0.0000 AS Numeric(18, 4)), CAST(0.0000 AS Numeric(18, 4)), CAST(0.0000 AS Numeric(18, 4)), CAST(0.0000 AS Numeric(18, 4)), CAST(0.0000 AS Numeric(18, 4)), CAST(0.0000 AS Numeric(18, 4)), CAST(0.0000 AS Numeric(18, 4)), CAST(0.0000 AS Numeric(18, 4)), CAST(0.0000 AS Numeric(18, 4)), CAST(0.0000 AS Numeric(18, 4)), CAST(0.0000 AS Numeric(18, 4)), CAST(0.0000 AS Numeric(18, 4)), CAST(0.0000 AS Numeric(18, 4)), CAST(0.0000 AS Numeric(18, 4)), CAST(0.0000 AS Numeric(18, 4)), CAST(0.0000 AS Numeric(18, 4)), CAST(0.0000 AS Numeric(18, 4)), CAST(0.0000 AS Numeric(18, 4)), CAST(0.0000 AS Numeric(18, 4)), CAST(0.0000 AS Numeric(18, 4)), CAST(0.0000 AS Numeric(18, 4)), CAST(0.0000 AS Numeric(18, 4)), CAST(0.0000 AS Numeric(18, 4)), CAST(0.0000 AS Numeric(18, 4)), CAST(0.0000 AS Numeric(18, 4)), CAST(0.0000 AS Numeric(18, 4)), CAST(0.0000 AS Numeric(18, 4)), CAST(0.0000 AS Numeric(18, 4)), CAST(0.0000 AS Numeric(18, 4)), CAST(0.0000 AS Numeric(18, 4)), CAST(0.0000 AS Numeric(18, 4)), CAST(0.0000 AS Numeric(18, 4)), CAST(0.0000 AS Numeric(18, 4)), CAST(0.0000 AS Numeric(18, 4)), CAST(0.0000 AS Numeric(18, 4)), CAST(0.0000 AS Numeric(18, 4)), CAST(0.0000 AS Numeric(18, 4)), CAST(0.0000 AS Numeric(18, 4)), CAST(0.0000 AS Numeric(18, 4)), CAST(0.0000 AS Numeric(18, 4)), CAST(0.0000 AS Numeric(18, 4)), CAST(0.0000 AS Numeric(18, 4)), CAST(0.0000 AS Numeric(18, 4)), CAST(0.0000 AS Numeric(18, 4)), CAST(0.0000 AS Numeric(18, 4)), CAST(0.0000 AS Numeric(18, 4)), CAST(0.0000 AS Numeric(18, 4)), CAST(0.0000 AS Numeric(18, 4)), CAST(0.0000 AS Numeric(18, 4)), CAST(0.0000 AS Numeric(18, 4)), CAST(0.0000 AS Numeric(18, 4)), CAST(0.0000 AS Numeric(18, 4)), CAST(0.0000 AS Numeric(18, 4)), CAST(0.0000 AS Numeric(18, 4)), CAST(0.0000 AS Numeric(18, 4)), CAST(0.0000 AS Numeric(18, 4)), CAST(0.0000 AS Numeric(18, 4)), CAST(0.0000 AS Numeric(18, 4)), CAST(0.0000 AS Numeric(18, 4)), CAST(0.0000 AS Numeric(18, 4)), CAST(0.0000 AS Numeric(18, 4)), CAST(0.0000 AS Numeric(18, 4)), CAST(0.0000 AS Numeric(18, 4)), CAST(0.0000 AS Numeric(18, 4)), CAST(0.0000 AS Numeric(18, 4)), CAST(0.0000 AS Numeric(18, 4)), CAST(0.0000 AS Numeric(18, 4)), CAST(0.0000 AS Numeric(18, 4)), CAST(0.0000 AS Numeric(18, 4)), CAST(0.0000 AS Numeric(18, 4)), CAST(0.0000 AS Numeric(18, 4)), CAST(0.0000 AS Numeric(18, 4)), CAST(0.0000 AS Numeric(18, 4)), CAST(0.0000 AS Numeric(18, 4)), CAST(0.0000 AS Numeric(18, 4)), N'2019/2020', N'BANCH00000000000000129032013        ', N'ISSYS0210001000000000129032013', NULL, 125, CAST(N'2019-04-01 00:00:00.000' AS DateTime), N'INUSR0010001000000000129032013      ', NULL, NULL)
INSERT [dbo].[CCOA] ([ID], [ACNAME], [COAID], [ACCRUED], [BF], [OBAL], [HOBAL], [CBAL], [M1], [M2], [M3], [M4], [M5], [M6], [M7], [M8], [M9], [M10], [M11], [M12], [M13], [MSRC1], [MSRC2], [MSRC3], [MSRC4], [MSRC5], [MSRC6], [MSRC7], [MSRC8], [MSRC9], [MSRC10], [MSRC11], [MSRC12], [MSRC13], [BF1], [BF2], [BF3], [BF4], [BF5], [BF6], [BF7], [BF8], [BF9], [BF10], [BF11], [BF12], [BF13], [BFSRC1], [BFSRC2], [BFSRC3], [BFSRC4], [BFSRC5], [BFSRC6], [BFSRC7], [BFSRC8], [BFSRC9], [BFSRC10], [BFSRC11], [BFSRC12], [BFSRC13], [MREV1], [MREV2], [MREV3], [MREV4], [MREV5], [MREV6], [MREV7], [MREV8], [MREV9], [MREV10], [MREV11], [MREV12], [MREV13], [LYMSRC1], [LYMSRC2], [LYMSRC3], [LYMSRC4], [LYMSRC5], [LYMSRC6], [LYMSRC7], [LYMSRC8], [LYMSRC9], [LYMSRC10], [LYMSRC11], [LYMSRC12], [LYMSRC13], [SCCRBAL], [BUDGET], [BRANCHID], [CURRENCYID], [DEPARTMENTID], [VERSION], [CREATEDDATE], [CREATEDUSERID], [UPDATEDDATE], [UPDATEDUSERID]) VALUES (N'ISCCOA001000000020201042019'         , N'GovernmentShortTerm Life - Service Charges Incomee', N'ISCOA001000000050401042019          ', CAST(0.0000 AS Numeric(18, 4)), CAST(0.0000 AS Numeric(18, 4)), CAST(0.0000 AS Numeric(18, 4)), CAST(0.0000 AS Numeric(18, 4)), CAST(0.0000 AS Numeric(18, 4)), CAST(0.0000 AS Numeric(18, 4)), CAST(0.0000 AS Numeric(18, 4)), CAST(0.0000 AS Numeric(18, 4)), CAST(0.0000 AS Numeric(18, 4)), CAST(0.0000 AS Numeric(18, 4)), CAST(0.0000 AS Numeric(18, 4)), CAST(0.0000 AS Numeric(18, 4)), CAST(0.0000 AS Numeric(18, 4)), CAST(0.0000 AS Numeric(18, 4)), CAST(0.0000 AS Numeric(18, 4)), CAST(0.0000 AS Numeric(18, 4)), CAST(0.0000 AS Numeric(18, 4)), CAST(0.0000 AS Numeric(18, 4)), CAST(0.0000 AS Numeric(18, 4)), CAST(0.0000 AS Numeric(18, 4)), CAST(0.0000 AS Numeric(18, 4)), CAST(0.0000 AS Numeric(18, 4)), CAST(0.0000 AS Numeric(18, 4)), CAST(0.0000 AS Numeric(18, 4)), CAST(0.0000 AS Numeric(18, 4)), CAST(0.0000 AS Numeric(18, 4)), CAST(0.0000 AS Numeric(18, 4)), CAST(0.0000 AS Numeric(18, 4)), CAST(0.0000 AS Numeric(18, 4)), CAST(0.0000 AS Numeric(18, 4)), CAST(0.0000 AS Numeric(18, 4)), CAST(0.0000 AS Numeric(18, 4)), CAST(0.0000 AS Numeric(18, 4)), CAST(0.0000 AS Numeric(18, 4)), CAST(0.0000 AS Numeric(18, 4)), CAST(0.0000 AS Numeric(18, 4)), CAST(0.0000 AS Numeric(18, 4)), CAST(0.0000 AS Numeric(18, 4)), CAST(0.0000 AS Numeric(18, 4)), CAST(0.0000 AS Numeric(18, 4)), CAST(0.0000 AS Numeric(18, 4)), CAST(0.0000 AS Numeric(18, 4)), CAST(0.0000 AS Numeric(18, 4)), CAST(0.0000 AS Numeric(18, 4)), CAST(0.0000 AS Numeric(18, 4)), CAST(0.0000 AS Numeric(18, 4)), CAST(0.0000 AS Numeric(18, 4)), CAST(0.0000 AS Numeric(18, 4)), CAST(0.0000 AS Numeric(18, 4)), CAST(0.0000 AS Numeric(18, 4)), CAST(0.0000 AS Numeric(18, 4)), CAST(0.0000 AS Numeric(18, 4)), CAST(0.0000 AS Numeric(18, 4)), CAST(0.0000 AS Numeric(18, 4)), CAST(0.0000 AS Numeric(18, 4)), CAST(0.0000 AS Numeric(18, 4)), CAST(0.0000 AS Numeric(18, 4)), CAST(0.0000 AS Numeric(18, 4)), CAST(0.0000 AS Numeric(18, 4)), CAST(0.0000 AS Numeric(18, 4)), CAST(0.0000 AS Numeric(18, 4)), CAST(0.0000 AS Numeric(18, 4)), CAST(0.0000 AS Numeric(18, 4)), CAST(0.0000 AS Numeric(18, 4)), CAST(0.0000 AS Numeric(18, 4)), CAST(0.0000 AS Numeric(18, 4)), CAST(0.0000 AS Numeric(18, 4)), CAST(0.0000 AS Numeric(18, 4)), CAST(0.0000 AS Numeric(18, 4)), CAST(0.0000 AS Numeric(18, 4)), CAST(0.0000 AS Numeric(18, 4)), CAST(0.0000 AS Numeric(18, 4)), CAST(0.0000 AS Numeric(18, 4)), CAST(0.0000 AS Numeric(18, 4)), CAST(0.0000 AS Numeric(18, 4)), CAST(0.0000 AS Numeric(18, 4)), CAST(0.0000 AS Numeric(18, 4)), CAST(0.0000 AS Numeric(18, 4)), CAST(0.0000 AS Numeric(18, 4)), CAST(0.0000 AS Numeric(18, 4)), CAST(0.0000 AS Numeric(18, 4)), CAST(0.0000 AS Numeric(18, 4)), CAST(0.0000 AS Numeric(18, 4)), CAST(0.0000 AS Numeric(18, 4)), N'2019/2020', N'BANCH00000000000000129032013        ', N'ISSYS0210001000000000229032013      ', NULL, 125, CAST(N'2019-04-01 00:00:00.000' AS DateTime), N'INUSR0010001000000000129032013      ', NULL, NULL)
INSERT [dbo].[CCOA] ([ID], [ACNAME], [COAID], [ACCRUED], [BF], [OBAL], [HOBAL], [CBAL], [M1], [M2], [M3], [M4], [M5], [M6], [M7], [M8], [M9], [M10], [M11], [M12], [M13], [MSRC1], [MSRC2], [MSRC3], [MSRC4], [MSRC5], [MSRC6], [MSRC7], [MSRC8], [MSRC9], [MSRC10], [MSRC11], [MSRC12], [MSRC13], [BF1], [BF2], [BF3], [BF4], [BF5], [BF6], [BF7], [BF8], [BF9], [BF10], [BF11], [BF12], [BF13], [BFSRC1], [BFSRC2], [BFSRC3], [BFSRC4], [BFSRC5], [BFSRC6], [BFSRC7], [BFSRC8], [BFSRC9], [BFSRC10], [BFSRC11], [BFSRC12], [BFSRC13], [MREV1], [MREV2], [MREV3], [MREV4], [MREV5], [MREV6], [MREV7], [MREV8], [MREV9], [MREV10], [MREV11], [MREV12], [MREV13], [LYMSRC1], [LYMSRC2], [LYMSRC3], [LYMSRC4], [LYMSRC5], [LYMSRC6], [LYMSRC7], [LYMSRC8], [LYMSRC9], [LYMSRC10], [LYMSRC11], [LYMSRC12], [LYMSRC13], [SCCRBAL], [BUDGET], [BRANCHID], [CURRENCYID], [DEPARTMENTID], [VERSION], [CREATEDDATE], [CREATEDUSERID], [UPDATEDDATE], [UPDATEDUSERID]) VALUES (N'ISCCOA001000000020301042019'         , N'GovernmentShortTerm Life - Service Charges Income', N'ISCOA001000000050401042019          ', CAST(0.0000 AS Numeric(18, 4)), CAST(0.0000 AS Numeric(18, 4)), CAST(0.0000 AS Numeric(18, 4)), CAST(0.0000 AS Numeric(18, 4)), CAST(0.0000 AS Numeric(18, 4)), CAST(0.0000 AS Numeric(18, 4)), CAST(0.0000 AS Numeric(18, 4)), CAST(0.0000 AS Numeric(18, 4)), CAST(0.0000 AS Numeric(18, 4)), CAST(0.0000 AS Numeric(18, 4)), CAST(0.0000 AS Numeric(18, 4)), CAST(0.0000 AS Numeric(18, 4)), CAST(0.0000 AS Numeric(18, 4)), CAST(0.0000 AS Numeric(18, 4)), CAST(0.0000 AS Numeric(18, 4)), CAST(0.0000 AS Numeric(18, 4)), CAST(0.0000 AS Numeric(18, 4)), CAST(0.0000 AS Numeric(18, 4)), CAST(0.0000 AS Numeric(18, 4)), CAST(0.0000 AS Numeric(18, 4)), CAST(0.0000 AS Numeric(18, 4)), CAST(0.0000 AS Numeric(18, 4)), CAST(0.0000 AS Numeric(18, 4)), CAST(0.0000 AS Numeric(18, 4)), CAST(0.0000 AS Numeric(18, 4)), CAST(0.0000 AS Numeric(18, 4)), CAST(0.0000 AS Numeric(18, 4)), CAST(0.0000 AS Numeric(18, 4)), CAST(0.0000 AS Numeric(18, 4)), CAST(0.0000 AS Numeric(18, 4)), CAST(0.0000 AS Numeric(18, 4)), CAST(0.0000 AS Numeric(18, 4)), CAST(0.0000 AS Numeric(18, 4)), CAST(0.0000 AS Numeric(18, 4)), CAST(0.0000 AS Numeric(18, 4)), CAST(0.0000 AS Numeric(18, 4)), CAST(0.0000 AS Numeric(18, 4)), CAST(0.0000 AS Numeric(18, 4)), CAST(0.0000 AS Numeric(18, 4)), CAST(0.0000 AS Numeric(18, 4)), CAST(0.0000 AS Numeric(18, 4)), CAST(0.0000 AS Numeric(18, 4)), CAST(0.0000 AS Numeric(18, 4)), CAST(0.0000 AS Numeric(18, 4)), CAST(0.0000 AS Numeric(18, 4)), CAST(0.0000 AS Numeric(18, 4)), CAST(0.0000 AS Numeric(18, 4)), CAST(0.0000 AS Numeric(18, 4)), CAST(0.0000 AS Numeric(18, 4)), CAST(0.0000 AS Numeric(18, 4)), CAST(0.0000 AS Numeric(18, 4)), CAST(0.0000 AS Numeric(18, 4)), CAST(0.0000 AS Numeric(18, 4)), CAST(0.0000 AS Numeric(18, 4)), CAST(0.0000 AS Numeric(18, 4)), CAST(0.0000 AS Numeric(18, 4)), CAST(0.0000 AS Numeric(18, 4)), CAST(0.0000 AS Numeric(18, 4)), CAST(0.0000 AS Numeric(18, 4)), CAST(0.0000 AS Numeric(18, 4)), CAST(0.0000 AS Numeric(18, 4)), CAST(0.0000 AS Numeric(18, 4)), CAST(0.0000 AS Numeric(18, 4)), CAST(0.0000 AS Numeric(18, 4)), CAST(0.0000 AS Numeric(18, 4)), CAST(0.0000 AS Numeric(18, 4)), CAST(0.0000 AS Numeric(18, 4)), CAST(0.0000 AS Numeric(18, 4)), CAST(0.0000 AS Numeric(18, 4)), CAST(0.0000 AS Numeric(18, 4)), CAST(0.0000 AS Numeric(18, 4)), CAST(0.0000 AS Numeric(18, 4)), CAST(0.0000 AS Numeric(18, 4)), CAST(0.0000 AS Numeric(18, 4)), CAST(0.0000 AS Numeric(18, 4)), CAST(0.0000 AS Numeric(18, 4)), CAST(0.0000 AS Numeric(18, 4)), CAST(0.0000 AS Numeric(18, 4)), CAST(0.0000 AS Numeric(18, 4)), CAST(0.0000 AS Numeric(18, 4)), CAST(0.0000 AS Numeric(18, 4)), CAST(0.0000 AS Numeric(18, 4)), CAST(0.0000 AS Numeric(18, 4)), CAST(0.0000 AS Numeric(18, 4)), N'2019/2020', N'BANCH00000000000000129032013        ', N'ISSYS0210001000000000129032013', NULL, 125, CAST(N'2019-04-01 00:00:00.000' AS DateTime), N'INUSR0010001000000000129032013      ', NULL, NULL)
INSERT [dbo].[CCOA] ([ID], [ACNAME], [COAID], [ACCRUED], [BF], [OBAL], [HOBAL], [CBAL], [M1], [M2], [M3], [M4], [M5], [M6], [M7], [M8], [M9], [M10], [M11], [M12], [M13], [MSRC1], [MSRC2], [MSRC3], [MSRC4], [MSRC5], [MSRC6], [MSRC7], [MSRC8], [MSRC9], [MSRC10], [MSRC11], [MSRC12], [MSRC13], [BF1], [BF2], [BF3], [BF4], [BF5], [BF6], [BF7], [BF8], [BF9], [BF10], [BF11], [BF12], [BF13], [BFSRC1], [BFSRC2], [BFSRC3], [BFSRC4], [BFSRC5], [BFSRC6], [BFSRC7], [BFSRC8], [BFSRC9], [BFSRC10], [BFSRC11], [BFSRC12], [BFSRC13], [MREV1], [MREV2], [MREV3], [MREV4], [MREV5], [MREV6], [MREV7], [MREV8], [MREV9], [MREV10], [MREV11], [MREV12], [MREV13], [LYMSRC1], [LYMSRC2], [LYMSRC3], [LYMSRC4], [LYMSRC5], [LYMSRC6], [LYMSRC7], [LYMSRC8], [LYMSRC9], [LYMSRC10], [LYMSRC11], [LYMSRC12], [LYMSRC13], [SCCRBAL], [BUDGET], [BRANCHID], [CURRENCYID], [DEPARTMENTID], [VERSION], [CREATEDDATE], [CREATEDUSERID], [UPDATEDDATE], [UPDATEDUSERID]) VALUES (N'ISCCOA001000000020401042019'         , N'Receivable : Stamp Duties', N'ISCOA001000000050501042019          ', CAST(0.0000 AS Numeric(18, 4)), CAST(0.0000 AS Numeric(18, 4)), CAST(0.0000 AS Numeric(18, 4)), CAST(0.0000 AS Numeric(18, 4)), CAST(0.0000 AS Numeric(18, 4)), CAST(0.0000 AS Numeric(18, 4)), CAST(0.0000 AS Numeric(18, 4)), CAST(0.0000 AS Numeric(18, 4)), CAST(0.0000 AS Numeric(18, 4)), CAST(0.0000 AS Numeric(18, 4)), CAST(0.0000 AS Numeric(18, 4)), CAST(0.0000 AS Numeric(18, 4)), CAST(0.0000 AS Numeric(18, 4)), CAST(0.0000 AS Numeric(18, 4)), CAST(0.0000 AS Numeric(18, 4)), CAST(0.0000 AS Numeric(18, 4)), CAST(0.0000 AS Numeric(18, 4)), CAST(0.0000 AS Numeric(18, 4)), CAST(0.0000 AS Numeric(18, 4)), CAST(0.0000 AS Numeric(18, 4)), CAST(0.0000 AS Numeric(18, 4)), CAST(0.0000 AS Numeric(18, 4)), CAST(0.0000 AS Numeric(18, 4)), CAST(0.0000 AS Numeric(18, 4)), CAST(0.0000 AS Numeric(18, 4)), CAST(0.0000 AS Numeric(18, 4)), CAST(0.0000 AS Numeric(18, 4)), CAST(0.0000 AS Numeric(18, 4)), CAST(0.0000 AS Numeric(18, 4)), CAST(0.0000 AS Numeric(18, 4)), CAST(0.0000 AS Numeric(18, 4)), CAST(0.0000 AS Numeric(18, 4)), CAST(0.0000 AS Numeric(18, 4)), CAST(0.0000 AS Numeric(18, 4)), CAST(0.0000 AS Numeric(18, 4)), CAST(0.0000 AS Numeric(18, 4)), CAST(0.0000 AS Numeric(18, 4)), CAST(0.0000 AS Numeric(18, 4)), CAST(0.0000 AS Numeric(18, 4)), CAST(0.0000 AS Numeric(18, 4)), CAST(0.0000 AS Numeric(18, 4)), CAST(0.0000 AS Numeric(18, 4)), CAST(0.0000 AS Numeric(18, 4)), CAST(0.0000 AS Numeric(18, 4)), CAST(0.0000 AS Numeric(18, 4)), CAST(0.0000 AS Numeric(18, 4)), CAST(0.0000 AS Numeric(18, 4)), CAST(0.0000 AS Numeric(18, 4)), CAST(0.0000 AS Numeric(18, 4)), CAST(0.0000 AS Numeric(18, 4)), CAST(0.0000 AS Numeric(18, 4)), CAST(0.0000 AS Numeric(18, 4)), CAST(0.0000 AS Numeric(18, 4)), CAST(0.0000 AS Numeric(18, 4)), CAST(0.0000 AS Numeric(18, 4)), CAST(0.0000 AS Numeric(18, 4)), CAST(0.0000 AS Numeric(18, 4)), CAST(0.0000 AS Numeric(18, 4)), CAST(0.0000 AS Numeric(18, 4)), CAST(0.0000 AS Numeric(18, 4)), CAST(0.0000 AS Numeric(18, 4)), CAST(0.0000 AS Numeric(18, 4)), CAST(0.0000 AS Numeric(18, 4)), CAST(0.0000 AS Numeric(18, 4)), CAST(0.0000 AS Numeric(18, 4)), CAST(0.0000 AS Numeric(18, 4)), CAST(0.0000 AS Numeric(18, 4)), CAST(0.0000 AS Numeric(18, 4)), CAST(0.0000 AS Numeric(18, 4)), CAST(0.0000 AS Numeric(18, 4)), CAST(0.0000 AS Numeric(18, 4)), CAST(0.0000 AS Numeric(18, 4)), CAST(0.0000 AS Numeric(18, 4)), CAST(0.0000 AS Numeric(18, 4)), CAST(0.0000 AS Numeric(18, 4)), CAST(0.0000 AS Numeric(18, 4)), CAST(0.0000 AS Numeric(18, 4)), CAST(0.0000 AS Numeric(18, 4)), CAST(0.0000 AS Numeric(18, 4)), CAST(0.0000 AS Numeric(18, 4)), CAST(0.0000 AS Numeric(18, 4)), CAST(0.0000 AS Numeric(18, 4)), CAST(0.0000 AS Numeric(18, 4)), CAST(0.0000 AS Numeric(18, 4)), N'2019/2020', N'BANCH00000000000000129032013        ', N'ISSYS0210001000000000229032013      ', NULL, 125, CAST(N'2019-04-01 00:00:00.000' AS DateTime), N'INUSR0010001000000000129032013      ', NULL, NULL)
INSERT [dbo].[CCOA] ([ID], [ACNAME], [COAID], [ACCRUED], [BF], [OBAL], [HOBAL], [CBAL], [M1], [M2], [M3], [M4], [M5], [M6], [M7], [M8], [M9], [M10], [M11], [M12], [M13], [MSRC1], [MSRC2], [MSRC3], [MSRC4], [MSRC5], [MSRC6], [MSRC7], [MSRC8], [MSRC9], [MSRC10], [MSRC11], [MSRC12], [MSRC13], [BF1], [BF2], [BF3], [BF4], [BF5], [BF6], [BF7], [BF8], [BF9], [BF10], [BF11], [BF12], [BF13], [BFSRC1], [BFSRC2], [BFSRC3], [BFSRC4], [BFSRC5], [BFSRC6], [BFSRC7], [BFSRC8], [BFSRC9], [BFSRC10], [BFSRC11], [BFSRC12], [BFSRC13], [MREV1], [MREV2], [MREV3], [MREV4], [MREV5], [MREV6], [MREV7], [MREV8], [MREV9], [MREV10], [MREV11], [MREV12], [MREV13], [LYMSRC1], [LYMSRC2], [LYMSRC3], [LYMSRC4], [LYMSRC5], [LYMSRC6], [LYMSRC7], [LYMSRC8], [LYMSRC9], [LYMSRC10], [LYMSRC11], [LYMSRC12], [LYMSRC13], [SCCRBAL], [BUDGET], [BRANCHID], [CURRENCYID], [DEPARTMENTID], [VERSION], [CREATEDDATE], [CREATEDUSERID], [UPDATEDDATE], [UPDATEDUSERID]) VALUES (N'ISCCOA001000000020501042019'         , N'Receivable : Stamp Duties', N'ISCOA001000000050501042019          ', CAST(0.0000 AS Numeric(18, 4)), CAST(0.0000 AS Numeric(18, 4)), CAST(0.0000 AS Numeric(18, 4)), CAST(0.0000 AS Numeric(18, 4)), CAST(0.0000 AS Numeric(18, 4)), CAST(0.0000 AS Numeric(18, 4)), CAST(0.0000 AS Numeric(18, 4)), CAST(0.0000 AS Numeric(18, 4)), CAST(0.0000 AS Numeric(18, 4)), CAST(0.0000 AS Numeric(18, 4)), CAST(0.0000 AS Numeric(18, 4)), CAST(0.0000 AS Numeric(18, 4)), CAST(0.0000 AS Numeric(18, 4)), CAST(0.0000 AS Numeric(18, 4)), CAST(0.0000 AS Numeric(18, 4)), CAST(0.0000 AS Numeric(18, 4)), CAST(0.0000 AS Numeric(18, 4)), CAST(0.0000 AS Numeric(18, 4)), CAST(0.0000 AS Numeric(18, 4)), CAST(0.0000 AS Numeric(18, 4)), CAST(0.0000 AS Numeric(18, 4)), CAST(0.0000 AS Numeric(18, 4)), CAST(0.0000 AS Numeric(18, 4)), CAST(0.0000 AS Numeric(18, 4)), CAST(0.0000 AS Numeric(18, 4)), CAST(0.0000 AS Numeric(18, 4)), CAST(0.0000 AS Numeric(18, 4)), CAST(0.0000 AS Numeric(18, 4)), CAST(0.0000 AS Numeric(18, 4)), CAST(0.0000 AS Numeric(18, 4)), CAST(0.0000 AS Numeric(18, 4)), CAST(0.0000 AS Numeric(18, 4)), CAST(0.0000 AS Numeric(18, 4)), CAST(0.0000 AS Numeric(18, 4)), CAST(0.0000 AS Numeric(18, 4)), CAST(0.0000 AS Numeric(18, 4)), CAST(0.0000 AS Numeric(18, 4)), CAST(0.0000 AS Numeric(18, 4)), CAST(0.0000 AS Numeric(18, 4)), CAST(0.0000 AS Numeric(18, 4)), CAST(0.0000 AS Numeric(18, 4)), CAST(0.0000 AS Numeric(18, 4)), CAST(0.0000 AS Numeric(18, 4)), CAST(0.0000 AS Numeric(18, 4)), CAST(0.0000 AS Numeric(18, 4)), CAST(0.0000 AS Numeric(18, 4)), CAST(0.0000 AS Numeric(18, 4)), CAST(0.0000 AS Numeric(18, 4)), CAST(0.0000 AS Numeric(18, 4)), CAST(0.0000 AS Numeric(18, 4)), CAST(0.0000 AS Numeric(18, 4)), CAST(0.0000 AS Numeric(18, 4)), CAST(0.0000 AS Numeric(18, 4)), CAST(0.0000 AS Numeric(18, 4)), CAST(0.0000 AS Numeric(18, 4)), CAST(0.0000 AS Numeric(18, 4)), CAST(0.0000 AS Numeric(18, 4)), CAST(0.0000 AS Numeric(18, 4)), CAST(0.0000 AS Numeric(18, 4)), CAST(0.0000 AS Numeric(18, 4)), CAST(0.0000 AS Numeric(18, 4)), CAST(0.0000 AS Numeric(18, 4)), CAST(0.0000 AS Numeric(18, 4)), CAST(0.0000 AS Numeric(18, 4)), CAST(0.0000 AS Numeric(18, 4)), CAST(0.0000 AS Numeric(18, 4)), CAST(0.0000 AS Numeric(18, 4)), CAST(0.0000 AS Numeric(18, 4)), CAST(0.0000 AS Numeric(18, 4)), CAST(0.0000 AS Numeric(18, 4)), CAST(0.0000 AS Numeric(18, 4)), CAST(0.0000 AS Numeric(18, 4)), CAST(0.0000 AS Numeric(18, 4)), CAST(0.0000 AS Numeric(18, 4)), CAST(0.0000 AS Numeric(18, 4)), CAST(0.0000 AS Numeric(18, 4)), CAST(0.0000 AS Numeric(18, 4)), CAST(0.0000 AS Numeric(18, 4)), CAST(0.0000 AS Numeric(18, 4)), CAST(0.0000 AS Numeric(18, 4)), CAST(0.0000 AS Numeric(18, 4)), CAST(0.0000 AS Numeric(18, 4)), CAST(0.0000 AS Numeric(18, 4)), CAST(0.0000 AS Numeric(18, 4)), N'2019/2020', N'BANCH00000000000000129032013        ', N'ISSYS0210001000000000129032013', NULL, 125, CAST(N'2019-04-01 00:00:00.000' AS DateTime), N'INUSR0010001000000000129032013      ', NULL, NULL)
INSERT [dbo].[CCOA] ([ID], [ACNAME], [COAID], [ACCRUED], [BF], [OBAL], [HOBAL], [CBAL], [M1], [M2], [M3], [M4], [M5], [M6], [M7], [M8], [M9], [M10], [M11], [M12], [M13], [MSRC1], [MSRC2], [MSRC3], [MSRC4], [MSRC5], [MSRC6], [MSRC7], [MSRC8], [MSRC9], [MSRC10], [MSRC11], [MSRC12], [MSRC13], [BF1], [BF2], [BF3], [BF4], [BF5], [BF6], [BF7], [BF8], [BF9], [BF10], [BF11], [BF12], [BF13], [BFSRC1], [BFSRC2], [BFSRC3], [BFSRC4], [BFSRC5], [BFSRC6], [BFSRC7], [BFSRC8], [BFSRC9], [BFSRC10], [BFSRC11], [BFSRC12], [BFSRC13], [MREV1], [MREV2], [MREV3], [MREV4], [MREV5], [MREV6], [MREV7], [MREV8], [MREV9], [MREV10], [MREV11], [MREV12], [MREV13], [LYMSRC1], [LYMSRC2], [LYMSRC3], [LYMSRC4], [LYMSRC5], [LYMSRC6], [LYMSRC7], [LYMSRC8], [LYMSRC9], [LYMSRC10], [LYMSRC11], [LYMSRC12], [LYMSRC13], [SCCRBAL], [BUDGET], [BRANCHID], [CURRENCYID], [DEPARTMENTID], [VERSION], [CREATEDDATE], [CREATEDUSERID], [UPDATEDDATE], [UPDATEDUSERID]) VALUES (N'ISCCOA001000000020601042019'         , N'Payable Claims : GovernmentShortTerm Endowment life', N'ISCOA001000000050601042019          ', CAST(0.0000 AS Numeric(18, 4)), CAST(0.0000 AS Numeric(18, 4)), CAST(0.0000 AS Numeric(18, 4)), CAST(0.0000 AS Numeric(18, 4)), CAST(0.0000 AS Numeric(18, 4)), CAST(0.0000 AS Numeric(18, 4)), CAST(0.0000 AS Numeric(18, 4)), CAST(0.0000 AS Numeric(18, 4)), CAST(0.0000 AS Numeric(18, 4)), CAST(0.0000 AS Numeric(18, 4)), CAST(0.0000 AS Numeric(18, 4)), CAST(0.0000 AS Numeric(18, 4)), CAST(0.0000 AS Numeric(18, 4)), CAST(0.0000 AS Numeric(18, 4)), CAST(0.0000 AS Numeric(18, 4)), CAST(0.0000 AS Numeric(18, 4)), CAST(0.0000 AS Numeric(18, 4)), CAST(0.0000 AS Numeric(18, 4)), CAST(0.0000 AS Numeric(18, 4)), CAST(0.0000 AS Numeric(18, 4)), CAST(0.0000 AS Numeric(18, 4)), CAST(0.0000 AS Numeric(18, 4)), CAST(0.0000 AS Numeric(18, 4)), CAST(0.0000 AS Numeric(18, 4)), CAST(0.0000 AS Numeric(18, 4)), CAST(0.0000 AS Numeric(18, 4)), CAST(0.0000 AS Numeric(18, 4)), CAST(0.0000 AS Numeric(18, 4)), CAST(0.0000 AS Numeric(18, 4)), CAST(0.0000 AS Numeric(18, 4)), CAST(0.0000 AS Numeric(18, 4)), CAST(0.0000 AS Numeric(18, 4)), CAST(0.0000 AS Numeric(18, 4)), CAST(0.0000 AS Numeric(18, 4)), CAST(0.0000 AS Numeric(18, 4)), CAST(0.0000 AS Numeric(18, 4)), CAST(0.0000 AS Numeric(18, 4)), CAST(0.0000 AS Numeric(18, 4)), CAST(0.0000 AS Numeric(18, 4)), CAST(0.0000 AS Numeric(18, 4)), CAST(0.0000 AS Numeric(18, 4)), CAST(0.0000 AS Numeric(18, 4)), CAST(0.0000 AS Numeric(18, 4)), CAST(0.0000 AS Numeric(18, 4)), CAST(0.0000 AS Numeric(18, 4)), CAST(0.0000 AS Numeric(18, 4)), CAST(0.0000 AS Numeric(18, 4)), CAST(0.0000 AS Numeric(18, 4)), CAST(0.0000 AS Numeric(18, 4)), CAST(0.0000 AS Numeric(18, 4)), CAST(0.0000 AS Numeric(18, 4)), CAST(0.0000 AS Numeric(18, 4)), CAST(0.0000 AS Numeric(18, 4)), CAST(0.0000 AS Numeric(18, 4)), CAST(0.0000 AS Numeric(18, 4)), CAST(0.0000 AS Numeric(18, 4)), CAST(0.0000 AS Numeric(18, 4)), CAST(0.0000 AS Numeric(18, 4)), CAST(0.0000 AS Numeric(18, 4)), CAST(0.0000 AS Numeric(18, 4)), CAST(0.0000 AS Numeric(18, 4)), CAST(0.0000 AS Numeric(18, 4)), CAST(0.0000 AS Numeric(18, 4)), CAST(0.0000 AS Numeric(18, 4)), CAST(0.0000 AS Numeric(18, 4)), CAST(0.0000 AS Numeric(18, 4)), CAST(0.0000 AS Numeric(18, 4)), CAST(0.0000 AS Numeric(18, 4)), CAST(0.0000 AS Numeric(18, 4)), CAST(0.0000 AS Numeric(18, 4)), CAST(0.0000 AS Numeric(18, 4)), CAST(0.0000 AS Numeric(18, 4)), CAST(0.0000 AS Numeric(18, 4)), CAST(0.0000 AS Numeric(18, 4)), CAST(0.0000 AS Numeric(18, 4)), CAST(0.0000 AS Numeric(18, 4)), CAST(0.0000 AS Numeric(18, 4)), CAST(0.0000 AS Numeric(18, 4)), CAST(0.0000 AS Numeric(18, 4)), CAST(0.0000 AS Numeric(18, 4)), CAST(0.0000 AS Numeric(18, 4)), CAST(0.0000 AS Numeric(18, 4)), CAST(0.0000 AS Numeric(18, 4)), CAST(0.0000 AS Numeric(18, 4)), N'2019/2020', N'BANCH00000000000000129032013        ', N'ISSYS0210001000000000229032013      ', NULL, 125, CAST(N'2019-04-01 00:00:00.000' AS DateTime), N'INUSR0010001000000000129032013      ', NULL, NULL)
INSERT [dbo].[CCOA] ([ID], [ACNAME], [COAID], [ACCRUED], [BF], [OBAL], [HOBAL], [CBAL], [M1], [M2], [M3], [M4], [M5], [M6], [M7], [M8], [M9], [M10], [M11], [M12], [M13], [MSRC1], [MSRC2], [MSRC3], [MSRC4], [MSRC5], [MSRC6], [MSRC7], [MSRC8], [MSRC9], [MSRC10], [MSRC11], [MSRC12], [MSRC13], [BF1], [BF2], [BF3], [BF4], [BF5], [BF6], [BF7], [BF8], [BF9], [BF10], [BF11], [BF12], [BF13], [BFSRC1], [BFSRC2], [BFSRC3], [BFSRC4], [BFSRC5], [BFSRC6], [BFSRC7], [BFSRC8], [BFSRC9], [BFSRC10], [BFSRC11], [BFSRC12], [BFSRC13], [MREV1], [MREV2], [MREV3], [MREV4], [MREV5], [MREV6], [MREV7], [MREV8], [MREV9], [MREV10], [MREV11], [MREV12], [MREV13], [LYMSRC1], [LYMSRC2], [LYMSRC3], [LYMSRC4], [LYMSRC5], [LYMSRC6], [LYMSRC7], [LYMSRC8], [LYMSRC9], [LYMSRC10], [LYMSRC11], [LYMSRC12], [LYMSRC13], [SCCRBAL], [BUDGET], [BRANCHID], [CURRENCYID], [DEPARTMENTID], [VERSION], [CREATEDDATE], [CREATEDUSERID], [UPDATEDDATE], [UPDATEDUSERID]) VALUES (N'ISCCOA001000000020701042019'         , N'Payable Claims : GovernmentShortTerm Endowment lifee', N'ISCOA001000000050601042019          ', CAST(0.0000 AS Numeric(18, 4)), CAST(0.0000 AS Numeric(18, 4)), CAST(0.0000 AS Numeric(18, 4)), CAST(0.0000 AS Numeric(18, 4)), CAST(0.0000 AS Numeric(18, 4)), CAST(0.0000 AS Numeric(18, 4)), CAST(0.0000 AS Numeric(18, 4)), CAST(0.0000 AS Numeric(18, 4)), CAST(0.0000 AS Numeric(18, 4)), CAST(0.0000 AS Numeric(18, 4)), CAST(0.0000 AS Numeric(18, 4)), CAST(0.0000 AS Numeric(18, 4)), CAST(0.0000 AS Numeric(18, 4)), CAST(0.0000 AS Numeric(18, 4)), CAST(0.0000 AS Numeric(18, 4)), CAST(0.0000 AS Numeric(18, 4)), CAST(0.0000 AS Numeric(18, 4)), CAST(0.0000 AS Numeric(18, 4)), CAST(0.0000 AS Numeric(18, 4)), CAST(0.0000 AS Numeric(18, 4)), CAST(0.0000 AS Numeric(18, 4)), CAST(0.0000 AS Numeric(18, 4)), CAST(0.0000 AS Numeric(18, 4)), CAST(0.0000 AS Numeric(18, 4)), CAST(0.0000 AS Numeric(18, 4)), CAST(0.0000 AS Numeric(18, 4)), CAST(0.0000 AS Numeric(18, 4)), CAST(0.0000 AS Numeric(18, 4)), CAST(0.0000 AS Numeric(18, 4)), CAST(0.0000 AS Numeric(18, 4)), CAST(0.0000 AS Numeric(18, 4)), CAST(0.0000 AS Numeric(18, 4)), CAST(0.0000 AS Numeric(18, 4)), CAST(0.0000 AS Numeric(18, 4)), CAST(0.0000 AS Numeric(18, 4)), CAST(0.0000 AS Numeric(18, 4)), CAST(0.0000 AS Numeric(18, 4)), CAST(0.0000 AS Numeric(18, 4)), CAST(0.0000 AS Numeric(18, 4)), CAST(0.0000 AS Numeric(18, 4)), CAST(0.0000 AS Numeric(18, 4)), CAST(0.0000 AS Numeric(18, 4)), CAST(0.0000 AS Numeric(18, 4)), CAST(0.0000 AS Numeric(18, 4)), CAST(0.0000 AS Numeric(18, 4)), CAST(0.0000 AS Numeric(18, 4)), CAST(0.0000 AS Numeric(18, 4)), CAST(0.0000 AS Numeric(18, 4)), CAST(0.0000 AS Numeric(18, 4)), CAST(0.0000 AS Numeric(18, 4)), CAST(0.0000 AS Numeric(18, 4)), CAST(0.0000 AS Numeric(18, 4)), CAST(0.0000 AS Numeric(18, 4)), CAST(0.0000 AS Numeric(18, 4)), CAST(0.0000 AS Numeric(18, 4)), CAST(0.0000 AS Numeric(18, 4)), CAST(0.0000 AS Numeric(18, 4)), CAST(0.0000 AS Numeric(18, 4)), CAST(0.0000 AS Numeric(18, 4)), CAST(0.0000 AS Numeric(18, 4)), CAST(0.0000 AS Numeric(18, 4)), CAST(0.0000 AS Numeric(18, 4)), CAST(0.0000 AS Numeric(18, 4)), CAST(0.0000 AS Numeric(18, 4)), CAST(0.0000 AS Numeric(18, 4)), CAST(0.0000 AS Numeric(18, 4)), CAST(0.0000 AS Numeric(18, 4)), CAST(0.0000 AS Numeric(18, 4)), CAST(0.0000 AS Numeric(18, 4)), CAST(0.0000 AS Numeric(18, 4)), CAST(0.0000 AS Numeric(18, 4)), CAST(0.0000 AS Numeric(18, 4)), CAST(0.0000 AS Numeric(18, 4)), CAST(0.0000 AS Numeric(18, 4)), CAST(0.0000 AS Numeric(18, 4)), CAST(0.0000 AS Numeric(18, 4)), CAST(0.0000 AS Numeric(18, 4)), CAST(0.0000 AS Numeric(18, 4)), CAST(0.0000 AS Numeric(18, 4)), CAST(0.0000 AS Numeric(18, 4)), CAST(0.0000 AS Numeric(18, 4)), CAST(0.0000 AS Numeric(18, 4)), CAST(0.0000 AS Numeric(18, 4)), CAST(0.0000 AS Numeric(18, 4)), N'2019/2020', N'BANCH00000000000000129032013        ', N'ISSYS0210001000000000129032013', NULL, 125, CAST(N'2019-04-01 00:00:00.000' AS DateTime), N'INUSR0010001000000000129032013      ', NULL, NULL)
INSERT [dbo].[CCOA] ([ID], [ACNAME], [COAID], [ACCRUED], [BF], [OBAL], [HOBAL], [CBAL], [M1], [M2], [M3], [M4], [M5], [M6], [M7], [M8], [M9], [M10], [M11], [M12], [M13], [MSRC1], [MSRC2], [MSRC3], [MSRC4], [MSRC5], [MSRC6], [MSRC7], [MSRC8], [MSRC9], [MSRC10], [MSRC11], [MSRC12], [MSRC13], [BF1], [BF2], [BF3], [BF4], [BF5], [BF6], [BF7], [BF8], [BF9], [BF10], [BF11], [BF12], [BF13], [BFSRC1], [BFSRC2], [BFSRC3], [BFSRC4], [BFSRC5], [BFSRC6], [BFSRC7], [BFSRC8], [BFSRC9], [BFSRC10], [BFSRC11], [BFSRC12], [BFSRC13], [MREV1], [MREV2], [MREV3], [MREV4], [MREV5], [MREV6], [MREV7], [MREV8], [MREV9], [MREV10], [MREV11], [MREV12], [MREV13], [LYMSRC1], [LYMSRC2], [LYMSRC3], [LYMSRC4], [LYMSRC5], [LYMSRC6], [LYMSRC7], [LYMSRC8], [LYMSRC9], [LYMSRC10], [LYMSRC11], [LYMSRC12], [LYMSRC13], [SCCRBAL], [BUDGET], [BRANCHID], [CURRENCYID], [DEPARTMENTID], [VERSION], [CREATEDDATE], [CREATEDUSERID], [UPDATEDDATE], [UPDATEDUSERID]) VALUES (N'ISCCOA001000000020801042019'         , N'GovernmentShortTerm Endowment Claim', N'ISCOA001000000050701042019          ', CAST(0.0000 AS Numeric(18, 4)), CAST(0.0000 AS Numeric(18, 4)), CAST(0.0000 AS Numeric(18, 4)), CAST(0.0000 AS Numeric(18, 4)), CAST(0.0000 AS Numeric(18, 4)), CAST(0.0000 AS Numeric(18, 4)), CAST(0.0000 AS Numeric(18, 4)), CAST(0.0000 AS Numeric(18, 4)), CAST(0.0000 AS Numeric(18, 4)), CAST(0.0000 AS Numeric(18, 4)), CAST(0.0000 AS Numeric(18, 4)), CAST(0.0000 AS Numeric(18, 4)), CAST(0.0000 AS Numeric(18, 4)), CAST(0.0000 AS Numeric(18, 4)), CAST(0.0000 AS Numeric(18, 4)), CAST(0.0000 AS Numeric(18, 4)), CAST(0.0000 AS Numeric(18, 4)), CAST(0.0000 AS Numeric(18, 4)), CAST(0.0000 AS Numeric(18, 4)), CAST(0.0000 AS Numeric(18, 4)), CAST(0.0000 AS Numeric(18, 4)), CAST(0.0000 AS Numeric(18, 4)), CAST(0.0000 AS Numeric(18, 4)), CAST(0.0000 AS Numeric(18, 4)), CAST(0.0000 AS Numeric(18, 4)), CAST(0.0000 AS Numeric(18, 4)), CAST(0.0000 AS Numeric(18, 4)), CAST(0.0000 AS Numeric(18, 4)), CAST(0.0000 AS Numeric(18, 4)), CAST(0.0000 AS Numeric(18, 4)), CAST(0.0000 AS Numeric(18, 4)), CAST(0.0000 AS Numeric(18, 4)), CAST(0.0000 AS Numeric(18, 4)), CAST(0.0000 AS Numeric(18, 4)), CAST(0.0000 AS Numeric(18, 4)), CAST(0.0000 AS Numeric(18, 4)), CAST(0.0000 AS Numeric(18, 4)), CAST(0.0000 AS Numeric(18, 4)), CAST(0.0000 AS Numeric(18, 4)), CAST(0.0000 AS Numeric(18, 4)), CAST(0.0000 AS Numeric(18, 4)), CAST(0.0000 AS Numeric(18, 4)), CAST(0.0000 AS Numeric(18, 4)), CAST(0.0000 AS Numeric(18, 4)), CAST(0.0000 AS Numeric(18, 4)), CAST(0.0000 AS Numeric(18, 4)), CAST(0.0000 AS Numeric(18, 4)), CAST(0.0000 AS Numeric(18, 4)), CAST(0.0000 AS Numeric(18, 4)), CAST(0.0000 AS Numeric(18, 4)), CAST(0.0000 AS Numeric(18, 4)), CAST(0.0000 AS Numeric(18, 4)), CAST(0.0000 AS Numeric(18, 4)), CAST(0.0000 AS Numeric(18, 4)), CAST(0.0000 AS Numeric(18, 4)), CAST(0.0000 AS Numeric(18, 4)), CAST(0.0000 AS Numeric(18, 4)), CAST(0.0000 AS Numeric(18, 4)), CAST(0.0000 AS Numeric(18, 4)), CAST(0.0000 AS Numeric(18, 4)), CAST(0.0000 AS Numeric(18, 4)), CAST(0.0000 AS Numeric(18, 4)), CAST(0.0000 AS Numeric(18, 4)), CAST(0.0000 AS Numeric(18, 4)), CAST(0.0000 AS Numeric(18, 4)), CAST(0.0000 AS Numeric(18, 4)), CAST(0.0000 AS Numeric(18, 4)), CAST(0.0000 AS Numeric(18, 4)), CAST(0.0000 AS Numeric(18, 4)), CAST(0.0000 AS Numeric(18, 4)), CAST(0.0000 AS Numeric(18, 4)), CAST(0.0000 AS Numeric(18, 4)), CAST(0.0000 AS Numeric(18, 4)), CAST(0.0000 AS Numeric(18, 4)), CAST(0.0000 AS Numeric(18, 4)), CAST(0.0000 AS Numeric(18, 4)), CAST(0.0000 AS Numeric(18, 4)), CAST(0.0000 AS Numeric(18, 4)), CAST(0.0000 AS Numeric(18, 4)), CAST(0.0000 AS Numeric(18, 4)), CAST(0.0000 AS Numeric(18, 4)), CAST(0.0000 AS Numeric(18, 4)), CAST(0.0000 AS Numeric(18, 4)), CAST(0.0000 AS Numeric(18, 4)), N'2019/2020', N'BANCH00000000000000129032013        ', N'ISSYS0210001000000000229032013      ', NULL, 125, CAST(N'2019-04-01 00:00:00.000' AS DateTime), N'INUSR0010001000000000129032013      ', NULL, NULL)
INSERT [dbo].[CCOA] ([ID], [ACNAME], [COAID], [ACCRUED], [BF], [OBAL], [HOBAL], [CBAL], [M1], [M2], [M3], [M4], [M5], [M6], [M7], [M8], [M9], [M10], [M11], [M12], [M13], [MSRC1], [MSRC2], [MSRC3], [MSRC4], [MSRC5], [MSRC6], [MSRC7], [MSRC8], [MSRC9], [MSRC10], [MSRC11], [MSRC12], [MSRC13], [BF1], [BF2], [BF3], [BF4], [BF5], [BF6], [BF7], [BF8], [BF9], [BF10], [BF11], [BF12], [BF13], [BFSRC1], [BFSRC2], [BFSRC3], [BFSRC4], [BFSRC5], [BFSRC6], [BFSRC7], [BFSRC8], [BFSRC9], [BFSRC10], [BFSRC11], [BFSRC12], [BFSRC13], [MREV1], [MREV2], [MREV3], [MREV4], [MREV5], [MREV6], [MREV7], [MREV8], [MREV9], [MREV10], [MREV11], [MREV12], [MREV13], [LYMSRC1], [LYMSRC2], [LYMSRC3], [LYMSRC4], [LYMSRC5], [LYMSRC6], [LYMSRC7], [LYMSRC8], [LYMSRC9], [LYMSRC10], [LYMSRC11], [LYMSRC12], [LYMSRC13], [SCCRBAL], [BUDGET], [BRANCHID], [CURRENCYID], [DEPARTMENTID], [VERSION], [CREATEDDATE], [CREATEDUSERID], [UPDATEDDATE], [UPDATEDUSERID]) VALUES (N'ISCCOA001000000020901042019'         , N'GovernmentShortTerm Endowment Claim', N'ISCOA001000000050701042019          ', CAST(0.0000 AS Numeric(18, 4)), CAST(0.0000 AS Numeric(18, 4)), CAST(0.0000 AS Numeric(18, 4)), CAST(0.0000 AS Numeric(18, 4)), CAST(0.0000 AS Numeric(18, 4)), CAST(0.0000 AS Numeric(18, 4)), CAST(0.0000 AS Numeric(18, 4)), CAST(0.0000 AS Numeric(18, 4)), CAST(0.0000 AS Numeric(18, 4)), CAST(0.0000 AS Numeric(18, 4)), CAST(0.0000 AS Numeric(18, 4)), CAST(0.0000 AS Numeric(18, 4)), CAST(0.0000 AS Numeric(18, 4)), CAST(0.0000 AS Numeric(18, 4)), CAST(0.0000 AS Numeric(18, 4)), CAST(0.0000 AS Numeric(18, 4)), CAST(0.0000 AS Numeric(18, 4)), CAST(0.0000 AS Numeric(18, 4)), CAST(0.0000 AS Numeric(18, 4)), CAST(0.0000 AS Numeric(18, 4)), CAST(0.0000 AS Numeric(18, 4)), CAST(0.0000 AS Numeric(18, 4)), CAST(0.0000 AS Numeric(18, 4)), CAST(0.0000 AS Numeric(18, 4)), CAST(0.0000 AS Numeric(18, 4)), CAST(0.0000 AS Numeric(18, 4)), CAST(0.0000 AS Numeric(18, 4)), CAST(0.0000 AS Numeric(18, 4)), CAST(0.0000 AS Numeric(18, 4)), CAST(0.0000 AS Numeric(18, 4)), CAST(0.0000 AS Numeric(18, 4)), CAST(0.0000 AS Numeric(18, 4)), CAST(0.0000 AS Numeric(18, 4)), CAST(0.0000 AS Numeric(18, 4)), CAST(0.0000 AS Numeric(18, 4)), CAST(0.0000 AS Numeric(18, 4)), CAST(0.0000 AS Numeric(18, 4)), CAST(0.0000 AS Numeric(18, 4)), CAST(0.0000 AS Numeric(18, 4)), CAST(0.0000 AS Numeric(18, 4)), CAST(0.0000 AS Numeric(18, 4)), CAST(0.0000 AS Numeric(18, 4)), CAST(0.0000 AS Numeric(18, 4)), CAST(0.0000 AS Numeric(18, 4)), CAST(0.0000 AS Numeric(18, 4)), CAST(0.0000 AS Numeric(18, 4)), CAST(0.0000 AS Numeric(18, 4)), CAST(0.0000 AS Numeric(18, 4)), CAST(0.0000 AS Numeric(18, 4)), CAST(0.0000 AS Numeric(18, 4)), CAST(0.0000 AS Numeric(18, 4)), CAST(0.0000 AS Numeric(18, 4)), CAST(0.0000 AS Numeric(18, 4)), CAST(0.0000 AS Numeric(18, 4)), CAST(0.0000 AS Numeric(18, 4)), CAST(0.0000 AS Numeric(18, 4)), CAST(0.0000 AS Numeric(18, 4)), CAST(0.0000 AS Numeric(18, 4)), CAST(0.0000 AS Numeric(18, 4)), CAST(0.0000 AS Numeric(18, 4)), CAST(0.0000 AS Numeric(18, 4)), CAST(0.0000 AS Numeric(18, 4)), CAST(0.0000 AS Numeric(18, 4)), CAST(0.0000 AS Numeric(18, 4)), CAST(0.0000 AS Numeric(18, 4)), CAST(0.0000 AS Numeric(18, 4)), CAST(0.0000 AS Numeric(18, 4)), CAST(0.0000 AS Numeric(18, 4)), CAST(0.0000 AS Numeric(18, 4)), CAST(0.0000 AS Numeric(18, 4)), CAST(0.0000 AS Numeric(18, 4)), CAST(0.0000 AS Numeric(18, 4)), CAST(0.0000 AS Numeric(18, 4)), CAST(0.0000 AS Numeric(18, 4)), CAST(0.0000 AS Numeric(18, 4)), CAST(0.0000 AS Numeric(18, 4)), CAST(0.0000 AS Numeric(18, 4)), CAST(0.0000 AS Numeric(18, 4)), CAST(0.0000 AS Numeric(18, 4)), CAST(0.0000 AS Numeric(18, 4)), CAST(0.0000 AS Numeric(18, 4)), CAST(0.0000 AS Numeric(18, 4)), CAST(0.0000 AS Numeric(18, 4)), CAST(0.0000 AS Numeric(18, 4)), N'2019/2020', N'BANCH00000000000000129032013        ', N'ISSYS0210001000000000129032013', NULL, 125, CAST(N'2019-04-01 00:00:00.000' AS DateTime), N'INUSR0010001000000000129032013      ', NULL, NULL)
INSERT [dbo].[CCOA] ([ID], [ACNAME], [COAID], [ACCRUED], [BF], [OBAL], [HOBAL], [CBAL], [M1], [M2], [M3], [M4], [M5], [M6], [M7], [M8], [M9], [M10], [M11], [M12], [M13], [MSRC1], [MSRC2], [MSRC3], [MSRC4], [MSRC5], [MSRC6], [MSRC7], [MSRC8], [MSRC9], [MSRC10], [MSRC11], [MSRC12], [MSRC13], [BF1], [BF2], [BF3], [BF4], [BF5], [BF6], [BF7], [BF8], [BF9], [BF10], [BF11], [BF12], [BF13], [BFSRC1], [BFSRC2], [BFSRC3], [BFSRC4], [BFSRC5], [BFSRC6], [BFSRC7], [BFSRC8], [BFSRC9], [BFSRC10], [BFSRC11], [BFSRC12], [BFSRC13], [MREV1], [MREV2], [MREV3], [MREV4], [MREV5], [MREV6], [MREV7], [MREV8], [MREV9], [MREV10], [MREV11], [MREV12], [MREV13], [LYMSRC1], [LYMSRC2], [LYMSRC3], [LYMSRC4], [LYMSRC5], [LYMSRC6], [LYMSRC7], [LYMSRC8], [LYMSRC9], [LYMSRC10], [LYMSRC11], [LYMSRC12], [LYMSRC13], [SCCRBAL], [BUDGET], [BRANCHID], [CURRENCYID], [DEPARTMENTID], [VERSION], [CREATEDDATE], [CREATEDUSERID], [UPDATEDDATE], [UPDATEDUSERID]) VALUES (N'ISCCOA001000000021001042019'         , N'GovernmentShortTerm Endowment Claim', N'ISCOA001000000050801042019          ', CAST(0.0000 AS Numeric(18, 4)), CAST(0.0000 AS Numeric(18, 4)), CAST(0.0000 AS Numeric(18, 4)), CAST(0.0000 AS Numeric(18, 4)), CAST(0.0000 AS Numeric(18, 4)), CAST(0.0000 AS Numeric(18, 4)), CAST(0.0000 AS Numeric(18, 4)), CAST(0.0000 AS Numeric(18, 4)), CAST(0.0000 AS Numeric(18, 4)), CAST(0.0000 AS Numeric(18, 4)), CAST(0.0000 AS Numeric(18, 4)), CAST(0.0000 AS Numeric(18, 4)), CAST(0.0000 AS Numeric(18, 4)), CAST(0.0000 AS Numeric(18, 4)), CAST(0.0000 AS Numeric(18, 4)), CAST(0.0000 AS Numeric(18, 4)), CAST(0.0000 AS Numeric(18, 4)), CAST(0.0000 AS Numeric(18, 4)), CAST(0.0000 AS Numeric(18, 4)), CAST(0.0000 AS Numeric(18, 4)), CAST(0.0000 AS Numeric(18, 4)), CAST(0.0000 AS Numeric(18, 4)), CAST(0.0000 AS Numeric(18, 4)), CAST(0.0000 AS Numeric(18, 4)), CAST(0.0000 AS Numeric(18, 4)), CAST(0.0000 AS Numeric(18, 4)), CAST(0.0000 AS Numeric(18, 4)), CAST(0.0000 AS Numeric(18, 4)), CAST(0.0000 AS Numeric(18, 4)), CAST(0.0000 AS Numeric(18, 4)), CAST(0.0000 AS Numeric(18, 4)), CAST(0.0000 AS Numeric(18, 4)), CAST(0.0000 AS Numeric(18, 4)), CAST(0.0000 AS Numeric(18, 4)), CAST(0.0000 AS Numeric(18, 4)), CAST(0.0000 AS Numeric(18, 4)), CAST(0.0000 AS Numeric(18, 4)), CAST(0.0000 AS Numeric(18, 4)), CAST(0.0000 AS Numeric(18, 4)), CAST(0.0000 AS Numeric(18, 4)), CAST(0.0000 AS Numeric(18, 4)), CAST(0.0000 AS Numeric(18, 4)), CAST(0.0000 AS Numeric(18, 4)), CAST(0.0000 AS Numeric(18, 4)), CAST(0.0000 AS Numeric(18, 4)), CAST(0.0000 AS Numeric(18, 4)), CAST(0.0000 AS Numeric(18, 4)), CAST(0.0000 AS Numeric(18, 4)), CAST(0.0000 AS Numeric(18, 4)), CAST(0.0000 AS Numeric(18, 4)), CAST(0.0000 AS Numeric(18, 4)), CAST(0.0000 AS Numeric(18, 4)), CAST(0.0000 AS Numeric(18, 4)), CAST(0.0000 AS Numeric(18, 4)), CAST(0.0000 AS Numeric(18, 4)), CAST(0.0000 AS Numeric(18, 4)), CAST(0.0000 AS Numeric(18, 4)), CAST(0.0000 AS Numeric(18, 4)), CAST(0.0000 AS Numeric(18, 4)), CAST(0.0000 AS Numeric(18, 4)), CAST(0.0000 AS Numeric(18, 4)), CAST(0.0000 AS Numeric(18, 4)), CAST(0.0000 AS Numeric(18, 4)), CAST(0.0000 AS Numeric(18, 4)), CAST(0.0000 AS Numeric(18, 4)), CAST(0.0000 AS Numeric(18, 4)), CAST(0.0000 AS Numeric(18, 4)), CAST(0.0000 AS Numeric(18, 4)), CAST(0.0000 AS Numeric(18, 4)), CAST(0.0000 AS Numeric(18, 4)), CAST(0.0000 AS Numeric(18, 4)), CAST(0.0000 AS Numeric(18, 4)), CAST(0.0000 AS Numeric(18, 4)), CAST(0.0000 AS Numeric(18, 4)), CAST(0.0000 AS Numeric(18, 4)), CAST(0.0000 AS Numeric(18, 4)), CAST(0.0000 AS Numeric(18, 4)), CAST(0.0000 AS Numeric(18, 4)), CAST(0.0000 AS Numeric(18, 4)), CAST(0.0000 AS Numeric(18, 4)), CAST(0.0000 AS Numeric(18, 4)), CAST(0.0000 AS Numeric(18, 4)), CAST(0.0000 AS Numeric(18, 4)), CAST(0.0000 AS Numeric(18, 4)), N'2019/2020', N'BANCH00000000000000129032013        ', N'ISSYS0210001000000000229032013      ', NULL, 125, CAST(N'2019-04-01 00:00:00.000' AS DateTime), N'INUSR0010001000000000129032013      ', NULL, NULL)
INSERT [dbo].[CCOA] ([ID], [ACNAME], [COAID], [ACCRUED], [BF], [OBAL], [HOBAL], [CBAL], [M1], [M2], [M3], [M4], [M5], [M6], [M7], [M8], [M9], [M10], [M11], [M12], [M13], [MSRC1], [MSRC2], [MSRC3], [MSRC4], [MSRC5], [MSRC6], [MSRC7], [MSRC8], [MSRC9], [MSRC10], [MSRC11], [MSRC12], [MSRC13], [BF1], [BF2], [BF3], [BF4], [BF5], [BF6], [BF7], [BF8], [BF9], [BF10], [BF11], [BF12], [BF13], [BFSRC1], [BFSRC2], [BFSRC3], [BFSRC4], [BFSRC5], [BFSRC6], [BFSRC7], [BFSRC8], [BFSRC9], [BFSRC10], [BFSRC11], [BFSRC12], [BFSRC13], [MREV1], [MREV2], [MREV3], [MREV4], [MREV5], [MREV6], [MREV7], [MREV8], [MREV9], [MREV10], [MREV11], [MREV12], [MREV13], [LYMSRC1], [LYMSRC2], [LYMSRC3], [LYMSRC4], [LYMSRC5], [LYMSRC6], [LYMSRC7], [LYMSRC8], [LYMSRC9], [LYMSRC10], [LYMSRC11], [LYMSRC12], [LYMSRC13], [SCCRBAL], [BUDGET], [BRANCHID], [CURRENCYID], [DEPARTMENTID], [VERSION], [CREATEDDATE], [CREATEDUSERID], [UPDATEDDATE], [UPDATEDUSERID]) VALUES (N'ISCCOA001000000021101042019'         , N'GovernmentShortTerm Endowment Claim', N'ISCOA001000000050801042019          ', CAST(0.0000 AS Numeric(18, 4)), CAST(0.0000 AS Numeric(18, 4)), CAST(0.0000 AS Numeric(18, 4)), CAST(0.0000 AS Numeric(18, 4)), CAST(0.0000 AS Numeric(18, 4)), CAST(0.0000 AS Numeric(18, 4)), CAST(0.0000 AS Numeric(18, 4)), CAST(0.0000 AS Numeric(18, 4)), CAST(0.0000 AS Numeric(18, 4)), CAST(0.0000 AS Numeric(18, 4)), CAST(0.0000 AS Numeric(18, 4)), CAST(0.0000 AS Numeric(18, 4)), CAST(0.0000 AS Numeric(18, 4)), CAST(0.0000 AS Numeric(18, 4)), CAST(0.0000 AS Numeric(18, 4)), CAST(0.0000 AS Numeric(18, 4)), CAST(0.0000 AS Numeric(18, 4)), CAST(0.0000 AS Numeric(18, 4)), CAST(0.0000 AS Numeric(18, 4)), CAST(0.0000 AS Numeric(18, 4)), CAST(0.0000 AS Numeric(18, 4)), CAST(0.0000 AS Numeric(18, 4)), CAST(0.0000 AS Numeric(18, 4)), CAST(0.0000 AS Numeric(18, 4)), CAST(0.0000 AS Numeric(18, 4)), CAST(0.0000 AS Numeric(18, 4)), CAST(0.0000 AS Numeric(18, 4)), CAST(0.0000 AS Numeric(18, 4)), CAST(0.0000 AS Numeric(18, 4)), CAST(0.0000 AS Numeric(18, 4)), CAST(0.0000 AS Numeric(18, 4)), CAST(0.0000 AS Numeric(18, 4)), CAST(0.0000 AS Numeric(18, 4)), CAST(0.0000 AS Numeric(18, 4)), CAST(0.0000 AS Numeric(18, 4)), CAST(0.0000 AS Numeric(18, 4)), CAST(0.0000 AS Numeric(18, 4)), CAST(0.0000 AS Numeric(18, 4)), CAST(0.0000 AS Numeric(18, 4)), CAST(0.0000 AS Numeric(18, 4)), CAST(0.0000 AS Numeric(18, 4)), CAST(0.0000 AS Numeric(18, 4)), CAST(0.0000 AS Numeric(18, 4)), CAST(0.0000 AS Numeric(18, 4)), CAST(0.0000 AS Numeric(18, 4)), CAST(0.0000 AS Numeric(18, 4)), CAST(0.0000 AS Numeric(18, 4)), CAST(0.0000 AS Numeric(18, 4)), CAST(0.0000 AS Numeric(18, 4)), CAST(0.0000 AS Numeric(18, 4)), CAST(0.0000 AS Numeric(18, 4)), CAST(0.0000 AS Numeric(18, 4)), CAST(0.0000 AS Numeric(18, 4)), CAST(0.0000 AS Numeric(18, 4)), CAST(0.0000 AS Numeric(18, 4)), CAST(0.0000 AS Numeric(18, 4)), CAST(0.0000 AS Numeric(18, 4)), CAST(0.0000 AS Numeric(18, 4)), CAST(0.0000 AS Numeric(18, 4)), CAST(0.0000 AS Numeric(18, 4)), CAST(0.0000 AS Numeric(18, 4)), CAST(0.0000 AS Numeric(18, 4)), CAST(0.0000 AS Numeric(18, 4)), CAST(0.0000 AS Numeric(18, 4)), CAST(0.0000 AS Numeric(18, 4)), CAST(0.0000 AS Numeric(18, 4)), CAST(0.0000 AS Numeric(18, 4)), CAST(0.0000 AS Numeric(18, 4)), CAST(0.0000 AS Numeric(18, 4)), CAST(0.0000 AS Numeric(18, 4)), CAST(0.0000 AS Numeric(18, 4)), CAST(0.0000 AS Numeric(18, 4)), CAST(0.0000 AS Numeric(18, 4)), CAST(0.0000 AS Numeric(18, 4)), CAST(0.0000 AS Numeric(18, 4)), CAST(0.0000 AS Numeric(18, 4)), CAST(0.0000 AS Numeric(18, 4)), CAST(0.0000 AS Numeric(18, 4)), CAST(0.0000 AS Numeric(18, 4)), CAST(0.0000 AS Numeric(18, 4)), CAST(0.0000 AS Numeric(18, 4)), CAST(0.0000 AS Numeric(18, 4)), CAST(0.0000 AS Numeric(18, 4)), CAST(0.0000 AS Numeric(18, 4)), N'2019/2020', N'BANCH00000000000000129032013        ', N'ISSYS0210001000000000129032013', NULL, 125, CAST(N'2019-04-01 00:00:00.000' AS DateTime), N'INUSR0010001000000000129032013      ', NULL, NULL)
INSERT [dbo].[CCOA] ([ID], [ACNAME], [COAID], [ACCRUED], [BF], [OBAL], [HOBAL], [CBAL], [M1], [M2], [M3], [M4], [M5], [M6], [M7], [M8], [M9], [M10], [M11], [M12], [M13], [MSRC1], [MSRC2], [MSRC3], [MSRC4], [MSRC5], [MSRC6], [MSRC7], [MSRC8], [MSRC9], [MSRC10], [MSRC11], [MSRC12], [MSRC13], [BF1], [BF2], [BF3], [BF4], [BF5], [BF6], [BF7], [BF8], [BF9], [BF10], [BF11], [BF12], [BF13], [BFSRC1], [BFSRC2], [BFSRC3], [BFSRC4], [BFSRC5], [BFSRC6], [BFSRC7], [BFSRC8], [BFSRC9], [BFSRC10], [BFSRC11], [BFSRC12], [BFSRC13], [MREV1], [MREV2], [MREV3], [MREV4], [MREV5], [MREV6], [MREV7], [MREV8], [MREV9], [MREV10], [MREV11], [MREV12], [MREV13], [LYMSRC1], [LYMSRC2], [LYMSRC3], [LYMSRC4], [LYMSRC5], [LYMSRC6], [LYMSRC7], [LYMSRC8], [LYMSRC9], [LYMSRC10], [LYMSRC11], [LYMSRC12], [LYMSRC13], [SCCRBAL], [BUDGET], [BRANCHID], [CURRENCYID], [DEPARTMENTID], [VERSION], [CREATEDDATE], [CREATEDUSERID], [UPDATEDDATE], [UPDATEDUSERID]) VALUES (N'ISCCOA001000000021201042019'         , N'Payable Claims : GovernmentShortTerm Endowment life', N'ISCOA001000000050901042019          ', CAST(0.0000 AS Numeric(18, 4)), CAST(0.0000 AS Numeric(18, 4)), CAST(0.0000 AS Numeric(18, 4)), CAST(0.0000 AS Numeric(18, 4)), CAST(0.0000 AS Numeric(18, 4)), CAST(0.0000 AS Numeric(18, 4)), CAST(0.0000 AS Numeric(18, 4)), CAST(0.0000 AS Numeric(18, 4)), CAST(0.0000 AS Numeric(18, 4)), CAST(0.0000 AS Numeric(18, 4)), CAST(0.0000 AS Numeric(18, 4)), CAST(0.0000 AS Numeric(18, 4)), CAST(0.0000 AS Numeric(18, 4)), CAST(0.0000 AS Numeric(18, 4)), CAST(0.0000 AS Numeric(18, 4)), CAST(0.0000 AS Numeric(18, 4)), CAST(0.0000 AS Numeric(18, 4)), CAST(0.0000 AS Numeric(18, 4)), CAST(0.0000 AS Numeric(18, 4)), CAST(0.0000 AS Numeric(18, 4)), CAST(0.0000 AS Numeric(18, 4)), CAST(0.0000 AS Numeric(18, 4)), CAST(0.0000 AS Numeric(18, 4)), CAST(0.0000 AS Numeric(18, 4)), CAST(0.0000 AS Numeric(18, 4)), CAST(0.0000 AS Numeric(18, 4)), CAST(0.0000 AS Numeric(18, 4)), CAST(0.0000 AS Numeric(18, 4)), CAST(0.0000 AS Numeric(18, 4)), CAST(0.0000 AS Numeric(18, 4)), CAST(0.0000 AS Numeric(18, 4)), CAST(0.0000 AS Numeric(18, 4)), CAST(0.0000 AS Numeric(18, 4)), CAST(0.0000 AS Numeric(18, 4)), CAST(0.0000 AS Numeric(18, 4)), CAST(0.0000 AS Numeric(18, 4)), CAST(0.0000 AS Numeric(18, 4)), CAST(0.0000 AS Numeric(18, 4)), CAST(0.0000 AS Numeric(18, 4)), CAST(0.0000 AS Numeric(18, 4)), CAST(0.0000 AS Numeric(18, 4)), CAST(0.0000 AS Numeric(18, 4)), CAST(0.0000 AS Numeric(18, 4)), CAST(0.0000 AS Numeric(18, 4)), CAST(0.0000 AS Numeric(18, 4)), CAST(0.0000 AS Numeric(18, 4)), CAST(0.0000 AS Numeric(18, 4)), CAST(0.0000 AS Numeric(18, 4)), CAST(0.0000 AS Numeric(18, 4)), CAST(0.0000 AS Numeric(18, 4)), CAST(0.0000 AS Numeric(18, 4)), CAST(0.0000 AS Numeric(18, 4)), CAST(0.0000 AS Numeric(18, 4)), CAST(0.0000 AS Numeric(18, 4)), CAST(0.0000 AS Numeric(18, 4)), CAST(0.0000 AS Numeric(18, 4)), CAST(0.0000 AS Numeric(18, 4)), CAST(0.0000 AS Numeric(18, 4)), CAST(0.0000 AS Numeric(18, 4)), CAST(0.0000 AS Numeric(18, 4)), CAST(0.0000 AS Numeric(18, 4)), CAST(0.0000 AS Numeric(18, 4)), CAST(0.0000 AS Numeric(18, 4)), CAST(0.0000 AS Numeric(18, 4)), CAST(0.0000 AS Numeric(18, 4)), CAST(0.0000 AS Numeric(18, 4)), CAST(0.0000 AS Numeric(18, 4)), CAST(0.0000 AS Numeric(18, 4)), CAST(0.0000 AS Numeric(18, 4)), CAST(0.0000 AS Numeric(18, 4)), CAST(0.0000 AS Numeric(18, 4)), CAST(0.0000 AS Numeric(18, 4)), CAST(0.0000 AS Numeric(18, 4)), CAST(0.0000 AS Numeric(18, 4)), CAST(0.0000 AS Numeric(18, 4)), CAST(0.0000 AS Numeric(18, 4)), CAST(0.0000 AS Numeric(18, 4)), CAST(0.0000 AS Numeric(18, 4)), CAST(0.0000 AS Numeric(18, 4)), CAST(0.0000 AS Numeric(18, 4)), CAST(0.0000 AS Numeric(18, 4)), CAST(0.0000 AS Numeric(18, 4)), CAST(0.0000 AS Numeric(18, 4)), CAST(0.0000 AS Numeric(18, 4)), N'2019/2020', N'BANCH00000000000000129032013        ', N'ISSYS0210001000000000229032013      ', NULL, 125, CAST(N'2019-04-01 00:00:00.000' AS DateTime), N'INUSR0010001000000000129032013      ', NULL, NULL)
INSERT [dbo].[CCOA] ([ID], [ACNAME], [COAID], [ACCRUED], [BF], [OBAL], [HOBAL], [CBAL], [M1], [M2], [M3], [M4], [M5], [M6], [M7], [M8], [M9], [M10], [M11], [M12], [M13], [MSRC1], [MSRC2], [MSRC3], [MSRC4], [MSRC5], [MSRC6], [MSRC7], [MSRC8], [MSRC9], [MSRC10], [MSRC11], [MSRC12], [MSRC13], [BF1], [BF2], [BF3], [BF4], [BF5], [BF6], [BF7], [BF8], [BF9], [BF10], [BF11], [BF12], [BF13], [BFSRC1], [BFSRC2], [BFSRC3], [BFSRC4], [BFSRC5], [BFSRC6], [BFSRC7], [BFSRC8], [BFSRC9], [BFSRC10], [BFSRC11], [BFSRC12], [BFSRC13], [MREV1], [MREV2], [MREV3], [MREV4], [MREV5], [MREV6], [MREV7], [MREV8], [MREV9], [MREV10], [MREV11], [MREV12], [MREV13], [LYMSRC1], [LYMSRC2], [LYMSRC3], [LYMSRC4], [LYMSRC5], [LYMSRC6], [LYMSRC7], [LYMSRC8], [LYMSRC9], [LYMSRC10], [LYMSRC11], [LYMSRC12], [LYMSRC13], [SCCRBAL], [BUDGET], [BRANCHID], [CURRENCYID], [DEPARTMENTID], [VERSION], [CREATEDDATE], [CREATEDUSERID], [UPDATEDDATE], [UPDATEDUSERID]) VALUES (N'ISCCOA001000000021301042019'         , N'Payable Claims : GovernmentShortTerm Endowment life', N'ISCOA001000000050901042019          ', CAST(0.0000 AS Numeric(18, 4)), CAST(0.0000 AS Numeric(18, 4)), CAST(0.0000 AS Numeric(18, 4)), CAST(0.0000 AS Numeric(18, 4)), CAST(0.0000 AS Numeric(18, 4)), CAST(0.0000 AS Numeric(18, 4)), CAST(0.0000 AS Numeric(18, 4)), CAST(0.0000 AS Numeric(18, 4)), CAST(0.0000 AS Numeric(18, 4)), CAST(0.0000 AS Numeric(18, 4)), CAST(0.0000 AS Numeric(18, 4)), CAST(0.0000 AS Numeric(18, 4)), CAST(0.0000 AS Numeric(18, 4)), CAST(0.0000 AS Numeric(18, 4)), CAST(0.0000 AS Numeric(18, 4)), CAST(0.0000 AS Numeric(18, 4)), CAST(0.0000 AS Numeric(18, 4)), CAST(0.0000 AS Numeric(18, 4)), CAST(0.0000 AS Numeric(18, 4)), CAST(0.0000 AS Numeric(18, 4)), CAST(0.0000 AS Numeric(18, 4)), CAST(0.0000 AS Numeric(18, 4)), CAST(0.0000 AS Numeric(18, 4)), CAST(0.0000 AS Numeric(18, 4)), CAST(0.0000 AS Numeric(18, 4)), CAST(0.0000 AS Numeric(18, 4)), CAST(0.0000 AS Numeric(18, 4)), CAST(0.0000 AS Numeric(18, 4)), CAST(0.0000 AS Numeric(18, 4)), CAST(0.0000 AS Numeric(18, 4)), CAST(0.0000 AS Numeric(18, 4)), CAST(0.0000 AS Numeric(18, 4)), CAST(0.0000 AS Numeric(18, 4)), CAST(0.0000 AS Numeric(18, 4)), CAST(0.0000 AS Numeric(18, 4)), CAST(0.0000 AS Numeric(18, 4)), CAST(0.0000 AS Numeric(18, 4)), CAST(0.0000 AS Numeric(18, 4)), CAST(0.0000 AS Numeric(18, 4)), CAST(0.0000 AS Numeric(18, 4)), CAST(0.0000 AS Numeric(18, 4)), CAST(0.0000 AS Numeric(18, 4)), CAST(0.0000 AS Numeric(18, 4)), CAST(0.0000 AS Numeric(18, 4)), CAST(0.0000 AS Numeric(18, 4)), CAST(0.0000 AS Numeric(18, 4)), CAST(0.0000 AS Numeric(18, 4)), CAST(0.0000 AS Numeric(18, 4)), CAST(0.0000 AS Numeric(18, 4)), CAST(0.0000 AS Numeric(18, 4)), CAST(0.0000 AS Numeric(18, 4)), CAST(0.0000 AS Numeric(18, 4)), CAST(0.0000 AS Numeric(18, 4)), CAST(0.0000 AS Numeric(18, 4)), CAST(0.0000 AS Numeric(18, 4)), CAST(0.0000 AS Numeric(18, 4)), CAST(0.0000 AS Numeric(18, 4)), CAST(0.0000 AS Numeric(18, 4)), CAST(0.0000 AS Numeric(18, 4)), CAST(0.0000 AS Numeric(18, 4)), CAST(0.0000 AS Numeric(18, 4)), CAST(0.0000 AS Numeric(18, 4)), CAST(0.0000 AS Numeric(18, 4)), CAST(0.0000 AS Numeric(18, 4)), CAST(0.0000 AS Numeric(18, 4)), CAST(0.0000 AS Numeric(18, 4)), CAST(0.0000 AS Numeric(18, 4)), CAST(0.0000 AS Numeric(18, 4)), CAST(0.0000 AS Numeric(18, 4)), CAST(0.0000 AS Numeric(18, 4)), CAST(0.0000 AS Numeric(18, 4)), CAST(0.0000 AS Numeric(18, 4)), CAST(0.0000 AS Numeric(18, 4)), CAST(0.0000 AS Numeric(18, 4)), CAST(0.0000 AS Numeric(18, 4)), CAST(0.0000 AS Numeric(18, 4)), CAST(0.0000 AS Numeric(18, 4)), CAST(0.0000 AS Numeric(18, 4)), CAST(0.0000 AS Numeric(18, 4)), CAST(0.0000 AS Numeric(18, 4)), CAST(0.0000 AS Numeric(18, 4)), CAST(0.0000 AS Numeric(18, 4)), CAST(0.0000 AS Numeric(18, 4)), CAST(0.0000 AS Numeric(18, 4)), N'2019/2020', N'BANCH00000000000000129032013        ', N'ISSYS0210001000000000129032013', NULL, 125, CAST(N'2019-04-01 00:00:00.000' AS DateTime), 'INUSR0010001000000000129032013', NULL, NULL)
 
---COASETUP        
INSERT INTO COASETUP (ID,ACNAME,CCOAID,BRANCHID,CURRENCYID,DEPARTMENTID,VERSION,CREATEDDATE,CREATEDUSERID,UPDATEDDATE,UPDATEDUSERID) VALUES ('184','GOVERNMENT_SHORT_ENDOWMENT_LIFE_PREMIUM','ISCCOA001000000019401042019',        'BANCH00000000000000129032013', 'ISSYS0210001000000000229032013',NULL,1,NULL,NULL,NULL,NULL);
INSERT INTO COASETUP (ID,ACNAME,CCOAID,BRANCHID,CURRENCYID,DEPARTMENTID,VERSION,CREATEDDATE,CREATEDUSERID,UPDATEDDATE,UPDATEDUSERID) VALUES ('185','GOVERNMENT_SHORT_ENDOWMENT_LIFE_PREMIUM','ISCCOA001000000019501042019',        'BANCH00000000000000129032013', 'ISSYS0210001000000000129032013',NULL,1,NULL,NULL,NULL,NULL);
INSERT INTO COASETUP (ID,ACNAME,CCOAID,BRANCHID,CURRENCYID,DEPARTMENTID,VERSION,CREATEDDATE,CREATEDUSERID,UPDATEDDATE,UPDATEDUSERID) VALUES ('186','GOVERNMENT_SHORT_ENDOWMENT_RECEIVABLE','ISCCOA001000000019601042019',          'BANCH00000000000000129032013', 'ISSYS0210001000000000229032013',NULL,1,NULL,NULL,NULL,NULL);
INSERT INTO COASETUP (ID,ACNAME,CCOAID,BRANCHID,CURRENCYID,DEPARTMENTID,VERSION,CREATEDDATE,CREATEDUSERID,UPDATEDDATE,UPDATEDUSERID) VALUES ('187','GOVERNMENT_SHORT_ENDOWMENT_RECEIVABLE','ISCCOA001000000019701042019',          'BANCH00000000000000129032013', 'ISSYS0210001000000000129032013',NULL,1,NULL,NULL,NULL,NULL);
INSERT INTO COASETUP (ID,ACNAME,CCOAID,BRANCHID,CURRENCYID,DEPARTMENTID,VERSION,CREATEDDATE,CREATEDUSERID,UPDATEDDATE,UPDATEDUSERID) VALUES ('188','GOVERNMENT_SHORT_ENDOWMENT_AGENT_COMMISSION','ISCCOA001000000019801042019',    'BANCH00000000000000129032013', 'ISSYS0210001000000000229032013',NULL,1,NULL,NULL,NULL,NULL);
INSERT INTO COASETUP (ID,ACNAME,CCOAID,BRANCHID,CURRENCYID,DEPARTMENTID,VERSION,CREATEDDATE,CREATEDUSERID,UPDATEDDATE,UPDATEDUSERID) VALUES ('189','GOVERNMENT_SHORT_ENDOWMENT_AGENT_COMMISSION','ISCCOA001000000019901042019',    'BANCH00000000000000129032013', 'ISSYS0210001000000000129032013',NULL,1,NULL,NULL,NULL,NULL);
INSERT INTO COASETUP (ID,ACNAME,CCOAID,BRANCHID,CURRENCYID,DEPARTMENTID,VERSION,CREATEDDATE,CREATEDUSERID,UPDATEDDATE,UPDATEDUSERID) VALUES ('190','GOVERNMENT_SHORT_ENDOWMENT_AGENT_PAYABLE','ISCCOA001000000020001042019',       'BANCH00000000000000129032013', 'ISSYS0210001000000000229032013',NULL,1,NULL,NULL,NULL,NULL);
INSERT INTO COASETUP (ID,ACNAME,CCOAID,BRANCHID,CURRENCYID,DEPARTMENTID,VERSION,CREATEDDATE,CREATEDUSERID,UPDATEDDATE,UPDATEDUSERID) VALUES ('191','GOVERNMENT_SHORT_ENDOWMENT_AGENT_PAYABLE','ISCCOA001000000020101042019',       'BANCH00000000000000129032013', 'ISSYS0210001000000000129032013',NULL,1,NULL,NULL,NULL,NULL);
INSERT INTO COASETUP (ID,ACNAME,CCOAID,BRANCHID,CURRENCYID,DEPARTMENTID,VERSION,CREATEDDATE,CREATEDUSERID,UPDATEDDATE,UPDATEDUSERID) VALUES ('192','GOVERNMENT_SHORT_ENDOWMENT_SERVICE_CHARGES','ISCCOA001000000020201042019',     'BANCH00000000000000129032013', 'ISSYS0210001000000000229032013',NULL,1,NULL,NULL,NULL,NULL);
INSERT INTO COASETUP (ID,ACNAME,CCOAID,BRANCHID,CURRENCYID,DEPARTMENTID,VERSION,CREATEDDATE,CREATEDUSERID,UPDATEDDATE,UPDATEDUSERID) VALUES ('193','GOVERNMENT_SHORT_ENDOWMENT_SERVICE_CHARGES','ISCCOA001000000020301042019',     'BANCH00000000000000129032013', 'ISSYS0210001000000000129032013',NULL,1,NULL,NULL,NULL,NULL);
INSERT INTO COASETUP (ID,ACNAME,CCOAID,BRANCHID,CURRENCYID,DEPARTMENTID,VERSION,CREATEDDATE,CREATEDUSERID,UPDATEDDATE,UPDATEDUSERID) VALUES ('194','GOVERNMENT_SHORT_ENDOWMENT_STAMP_FEE','ISCCOA001000000020401042019',           'BANCH00000000000000129032013', 'ISSYS0210001000000000229032013',NULL,1,NULL,NULL,NULL,NULL);
INSERT INTO COASETUP (ID,ACNAME,CCOAID,BRANCHID,CURRENCYID,DEPARTMENTID,VERSION,CREATEDDATE,CREATEDUSERID,UPDATEDDATE,UPDATEDUSERID) VALUES ('195','GOVERNMENT_SHORT_ENDOWMENT_STAMP_FEE','ISCCOA001000000020501042019',           'BANCH00000000000000129032013', 'ISSYS0210001000000000129032013',NULL,1,NULL,NULL,NULL,NULL);
INSERT INTO COASETUP (ID,ACNAME,CCOAID,BRANCHID,CURRENCYID,DEPARTMENTID,VERSION,CREATEDDATE,CREATEDUSERID,UPDATEDDATE,UPDATEDUSERID) VALUES ('196','GOVERNMENT_SHORT_ENDOWMENT_LIFE_PAYABLE','ISCCOA001000000020601042019',        'BANCH00000000000000129032013', 'ISSYS0210001000000000229032013',NULL,1,NULL,NULL,NULL,NULL);
INSERT INTO COASETUP (ID,ACNAME,CCOAID,BRANCHID,CURRENCYID,DEPARTMENTID,VERSION,CREATEDDATE,CREATEDUSERID,UPDATEDDATE,UPDATEDUSERID) VALUES ('197','GOVERNMENT_SHORT_ENDOWMENT_LIFE_PAYABLE','ISCCOA001000000020701042019',        'BANCH00000000000000129032013', 'ISSYS0210001000000000129032013',NULL,1,NULL,NULL,NULL,NULL);
INSERT INTO COASETUP (ID,ACNAME,CCOAID,BRANCHID,CURRENCYID,DEPARTMENTID,VERSION,CREATEDDATE,CREATEDUSERID,UPDATEDDATE,UPDATEDUSERID) VALUES ('198','GOVERNMENT_SHORT_ENDOWMENT_LIFE_CLAIM','ISCCOA001000000020801042019',          'BANCH00000000000000129032013', 'ISSYS0210001000000000229032013',NULL,1,NULL,NULL,NULL,NULL);
INSERT INTO COASETUP (ID,ACNAME,CCOAID,BRANCHID,CURRENCYID,DEPARTMENTID,VERSION,CREATEDDATE,CREATEDUSERID,UPDATEDDATE,UPDATEDUSERID) VALUES ('199','GOVERNMENT_SHORT_ENDOWMENT_LIFE_CLAIM','ISCCOA001000000020901042019',          'BANCH00000000000000129032013', 'ISSYS0210001000000000129032013',NULL,1,NULL,NULL,NULL,NULL);
INSERT INTO COASETUP (ID,ACNAME,CCOAID,BRANCHID,CURRENCYID,DEPARTMENTID,VERSION,CREATEDDATE,CREATEDUSERID,UPDATEDDATE,UPDATEDUSERID) VALUES ('200','GOVERNMENT_SHORT_ENDOWMENT_MEDICAL_FEES','ISCCOA001000000021001042019',        'BANCH00000000000000129032013', 'ISSYS0210001000000000229032013',NULL,1,NULL,NULL,NULL,NULL);
INSERT INTO COASETUP (ID,ACNAME,CCOAID,BRANCHID,CURRENCYID,DEPARTMENTID,VERSION,CREATEDDATE,CREATEDUSERID,UPDATEDDATE,UPDATEDUSERID) VALUES ('201','GOVERNMENT_SHORT_ENDOWMENT_MEDICAL_FEES','ISCCOA001000000021101042019',        'BANCH00000000000000129032013', 'ISSYS0210001000000000129032013',NULL,1,NULL,NULL,NULL,NULL);
INSERT INTO COASETUP (ID,ACNAME,CCOAID,BRANCHID,CURRENCYID,DEPARTMENTID,VERSION,CREATEDDATE,CREATEDUSERID,UPDATEDDATE,UPDATEDUSERID) VALUES ('202','GOVERNMENT_SHORT_ENDOWMENT_MEDICAL_FEES_PAYABLE','ISCCOA001000000021201042019','BANCH00000000000000129032013', 'ISSYS0210001000000000229032013',NULL,1,NULL,NULL,NULL,NULL);
INSERT INTO COASETUP (ID,ACNAME,CCOAID,BRANCHID,CURRENCYID,DEPARTMENTID,VERSION,CREATEDDATE,CREATEDUSERID,UPDATEDDATE,UPDATEDUSERID) VALUES ('203','GOVERNMENT_SHORT_ENDOWMENT_MEDICAL_FEES_PAYABLE','ISCCOA001000000021301042019','BANCH00000000000000129032013', 'ISSYS0210001000000000129032013',NULL,1,NULL,NULL,NULL,NULL);
